Al6Li25Mn44;unknown;7-1-13;unknown;0
AlAsGa;half_heusler;15-13-13;104.893209809645;57.209
Al4Ti6V;unknown;4-5-13;unknown;0
AlMgZn;half_heusler;12-2-13;2.29739960742969;38.889
Al3Li20Mn37;unknown;7-1-13;unknown;0
Bi13La3Ti12;unknown;3-4-15;unknown;0
Al100Mg273Mn40;unknown;7-2-13;unknown;0
Al5Mg5Mn6;unknown;7-2-13;unknown;0
Al901MnMo99;unknown;6-7-13;unknown;0
Al895Mn14Mo91;unknown;6-7-13;unknown;0
Al7As25Ga18;unknown;15-13-13;unknown;0
Al3As10Ga7;unknown;15-13-13;unknown;0
Al2GeLi7Ti7;off-stoichiometric;4-14-1-13;unknown;0
AlAs5Ga4;unknown;15-13-13;unknown;0
GaGeLi;half_heusler;14-13-1;944.637319901134;49.7643333333333
Al5Ge5V2;unknown;14-5-13;unknown;0
Ag91Al260Au49;unknown;11-11-13;unknown;0
Al20LaV2;unknown;3-5-13;unknown;0
AlB14Li;unknown;13-1-13;unknown;0
AsMoV;half_heusler;6-15-5;11.6758836682987;73.938
Bi2Mg2Yb;unknown;16-2-15;unknown;0
BiRhZr;half_heusler;4-9-15;18045.0455808531;134.371333333333
AlGd2Ge2;unknown;10-14-13;unknown;0
AgAsMg;half_heusler;15-2-11;222.087261524793;69.0323333333333
Bi11MgYb14;unknown;16-2-15;unknown;0
Bi11MnYb14;unknown;16-7-15;unknown;0
Ag2MgY;full_heusler;2-11-3;287.452847019769;82.23775
Au2MgY;full_heusler;11-2-3;27278.9344583369;126.78775
AgAuMgY;off-stoichiometric;11-2-11-3;unknown;0
Ag39Au61Mg50Y50;off-stoichiometric;11-2-11-3;unknown;0
Al2Li18Mg3;unknown;2-1-13;unknown;0
B29Mg18Ti3;unknown;4-13-2;unknown;0
Al9As25Ga16;unknown;15-13-13;unknown;0
AsBiGa;half_heusler;15-13-15;56.3942549310711;117.875
Al2As5Ga3;unknown;15-13-13;unknown;0
AlMgTi;half_heusler;4-2-13;2.66394910946608;33.0513333333333
AlGaZn;half_heusler;12-13-13;111.377485393466;54.0283333333333
AlTiZn;half_heusler;4-12-13;2.73534582718268;46.743
Al6TiV4;unknown;4-5-13;unknown;0
AlB14Mg;unknown;13-2-13;unknown;0
Al6Ti4V;unknown;4-5-13;unknown;0
TiVZr;half_heusler;4-4-5;16.6550427031095;63.3443333333333
AgAl2Ti48;unknown;4-11-13;unknown;0
Al134Ti33V33;unknown;4-5-13;unknown;0
AlBTi;half_heusler;4-13-13;279.372007728318;28.553
Al49Ti49Y2;sums-up-to-100;4-3-13;unknown;0
AlTiV;half_heusler;4-5-13;10.1132956252832;41.9303333333333
Mg67Y3Zn30;sums-up-to-100;12-2-3;unknown;0
Mg3YZn6;unknown;12-2-3;unknown;0
MgYZnZr;off-stoichiometric;12-4-2-3;unknown;0
Al18Mg3Ti2;unknown;4-2-13;unknown;0
AsGaMn;half_heusler;15-7-13;90.4829139756392;66.5276666666667
Al2Mg3Zn3;unknown;12-2-13;unknown;0
Al3MgZn6;unknown;12-2-13;unknown;0
Bi5Mg4Zn;unknown;12-2-15;unknown;0
Bi3Mg2Zn2;unknown;12-2-15;unknown;0
Al5Li3Zn;unknown;12-1-13;unknown;0
Al35Li32Zn33;sums-up-to-100;12-1-13;unknown;0
AlLiZn3;unknown;12-1-13;unknown;0
AlAs4Ga3;unknown;15-13-13;unknown;0
AsLiZn;half_heusler;12-15-1;6.98359978810394;49.0806666666667
B2RuY;full_heusler;13-8-3;1578.95156373466;52.899
B2LuRu;full_heusler;13-8-3;4500.99415440435;74.415
As2GeZn;full_heusler;12-15-14;426.827205458323;71.9635
AsLiMg;half_heusler;15-2-1;8.56052822440118;35.389
AlWZr;half_heusler;6-4-13;20.8600981307483;100.682
AlBBiZn;off-stoichiometric;12-13-15-13;unknown;0
AlGaRu2;full_heusler;13-8-13;1959.18202318928;74.71125
Al2Ge2Mg;unknown;14-2-13;unknown;0
AlTi3V4;unknown;4-5-13;unknown;0
TiV6W;unknown;6-4-5;unknown;0
AlMoTiY;off-stoichiometric;4-6-3-13;unknown;0
AlTiYZr;off-stoichiometric;4-4-3-13;unknown;0
MoVW;half_heusler;6-6-5;20.5087069288729;110.244
Al8Dy3Gd;unknown;12-10-13;unknown;0
AlGeY;half_heusler;14-3-13;664.990416830223;62.8393333333333
Al2Ti5Zn13;unknown;4-12-13;unknown;0
Al4Ti5Zn11;unknown;4-12-13;unknown;0
Al6Ti5Zn9;unknown;4-12-13;unknown;0
Al8Ti5Zn7;unknown;4-12-13;unknown;0
Al2TiZn;full_heusler;4-12-13;2.57795916536592;41.80275
Al12Ti5Zn3;unknown;4-12-13;unknown;0
AlB4Er;unknown;13-14-13;unknown;0
AlB14Er;unknown;13-14-13;unknown;0
Al5BTi;unknown;4-13-13;unknown;0
GeMnTi;half_heusler;4-7-14;699.541775073389;58.4783333333333
Ge2MnTi;full_heusler;4-7-14;988.363095599943;62.01625
Ge25Mn9Ti21;unknown;4-7-14;unknown;0
Ge250Mn201Ti99;unknown;4-7-14;unknown;0
As3Ga3Mn2;unknown;15-7-13;unknown;0
As4Ga4Mn3;unknown;15-7-13;unknown;0
AsGaMn2;full_heusler;15-7-13;71.360258053363;63.63025
As2Ga2Mn;unknown;15-7-13;unknown;0
WBV;half_heusler;6-13-5;118.442787875827;81.864
As2LaRu2;unknown;3-15-8;unknown;0
AlMgY;half_heusler;2-3-13;21.1068869344404;46.731
Al4As5Ga;unknown;15-13-13;unknown;0
Mg195Yb4Zn;unknown;16-12-2;unknown;0
Al9MgZn;unknown;12-2-13;unknown;0
Mg389Y8Zn3;unknown;12-2-3;unknown;0
Al2LaZn2;unknown;3-12-13;unknown;0
Mg10Mn5Zn;unknown;12-7-2;unknown;0
Al2Mg2Zn;unknown;12-2-13;unknown;0
MgMnZn;half_heusler;12-7-2;2.2429020280315;48.2076666666667
Mg12YZn;unknown;12-2-3;unknown;0
Mg97Y2Zn;sums-up-to-100;12-2-3;unknown;0
Ag10Al294Ge147Mn49;off-stoichiometric;7-14-11-13;unknown;0
MoRuW;half_heusler;6-6-8;760.197634038754;126.953333333333
BBiLa;half_heusler;3-13-15;74.1542241427377;119.566666666667
B4TiZr;unknown;4-4-13;unknown;0
AlB4Tm;unknown;15-13-13;unknown;0
Al2La5Ru3;unknown;3-8-13;unknown;0
Al2MnZn;full_heusler;12-7-13;2.11609609712994;43.5705
As2GeMg;full_heusler;15-14-2;497.386263823097;61.69475
AlZnZr;half_heusler;12-4-13;11.753678385062;61.1953333333333
MgYZn;half_heusler;12-2-3;17.2547187708227;59.5303333333333
GaMgY;half_heusler;13-2-3;113.410808706965;60.978
Al63As100Ga37;unknown;15-13-13;unknown;0
AgMgYb;half_heusler;16-2-11;984.291196330576;101.741666666667
As200Li227V61;unknown;15-5-1;unknown;0
AgLaMg;half_heusler;3-2-11;172.522680340115;90.3616666666667
AsVZr;half_heusler;15-4-5;14.3664524985259;72.3626666666667
AsTiZr;half_heusler;4-15-4;10.4026772672688;71.3376666666667
BiDyRh;half_heusler;12-9-15;15439.9600957018;158.13
GaRhZr;half_heusler;4-9-13;27628.8226117935;87.9523333333333
AgGdMg;half_heusler;10-2-11;185.975167660016;96.475
Al7Au3Yb;unknown;16-11-13;unknown;0
Al12Gd3Ru4;unknown;10-8-13;unknown;0
Al4AuGdGe2;off-stoichiometric;10-11-14-13;unknown;0
Al4AuErGe2;off-stoichiometric;11-14-14-13;unknown;0
Al4AuGe2;unknown;11-14-13;unknown;0
Al4AuDyGe2;off-stoichiometric;12-11-14-13;unknown;0
As2MoTi2;unknown;4-6-15;unknown;0
As3MoTi3;unknown;4-6-15;unknown;0
B48Lu3Yb;unknown;16-13-3;unknown;0
Bi5La3Mg;unknown;3-2-15;unknown;0
Bi2LaLi;full_heusler;3-15-1;9.94625139674713;140.9525
BMg8Rh4;unknown;13-9-2;unknown;0
Al31Yb24Zn221;unknown;16-12-13;unknown;0
Al17Yb32Zn234;unknown;16-12-13;unknown;0
Al11Yb31Zn242;unknown;16-12-13;unknown;0
Al43Yb30Zn177;unknown;16-12-13;unknown;0
Al53Mn20Yb10Zn147;off-stoichiometric;16-12-7-13;unknown;0
B6La3Ru8;unknown;3-13-8;unknown;0
B100La47Ru150;unknown;3-13-8;unknown;0
B2Li2Rh3;unknown;13-9-1;unknown;0
Ge4Ru3Yb2;unknown;16-14-8;unknown;0
GeLiRh2;full_heusler;9-14-1;51381.4714460913;71.3475
B4RhY;unknown;13-9-3;unknown;0
B4RhYb;unknown;16-13-9;unknown;0
B4RhTm;unknown;15-13-9;unknown;0
AsB12Li;unknown;15-13-1;unknown;0
Ga7Gd50Ge33;unknown;10-14-13;unknown;0
GaGd5Ge3;unknown;10-14-13;unknown;0
AlYb5Zn4;unknown;16-12-13;unknown;0
Au26Ga24Yb25;unknown;16-11-13;unknown;0
AuGaYb;half_heusler;16-11-13;16346.3781422331;146.581
La9Li4Rh2;unknown;3-9-1;unknown;0
Ag10La4Mg3;unknown;3-2-11;unknown;0
Ag103La40Mg120;unknown;3-2-11;unknown;0
BRh6Ti2;unknown;4-13-9;unknown;0
AgAs2Gd;full_heusler;15-10-11;130.168060120878;103.741
AgAs2Tb;full_heusler;11-15-11;303.457693858546;104.161
AgAs2La;full_heusler;3-15-11;118.393003953366;99.156
GeRh3Y2;unknown;9-14-3;unknown;0
Ge2MgY2;unknown;14-2-3;unknown;0
Ge2Lu2Mg;unknown;14-2-3;unknown;0
Er2Ge2Mg;unknown;14-14-2;unknown;0
Ge2MgTm2;unknown;15-14-2;unknown;0
As200La100Zn67;unknown;3-12-15;unknown;0
AlB2Mn2;unknown;7-13-13;unknown;0
Al14Yb35Zn321;unknown;16-12-13;unknown;0
Mn2YZn20;unknown;12-7-3;unknown;0
Ge16La11Li12;unknown;3-14-1;unknown;0
Ge3La2Li2;unknown;3-14-1;unknown;0
Ge4La3Li4;unknown;3-14-1;unknown;0
Ga7Ge3Yb3;unknown;16-14-13;unknown;0
Ga4Ge2Yb;unknown;16-14-13;unknown;0
Al43Gd6Mo4;unknown;6-10-13;unknown;0
Al43Gd6W4;unknown;6-10-13;unknown;0
Ge3Ru2Y3;unknown;14-8-3;unknown;0
Dy3Ge3Ru2;unknown;12-14-8;unknown;0
Ge22La21Mn10;unknown;3-7-14;unknown;0
B8Rh18Zn11;unknown;12-13-9;unknown;0
Bi2MnTi4;unknown;4-7-15;unknown;0
As3LaZn2;unknown;3-12-15;unknown;0
Al43Ti4Yb6;unknown;4-16-13;unknown;0
Al43W4Yb6;unknown;6-16-13;unknown;0
BiLuW;half_heusler;6-15-3;1787.32870638793;189.263333333333
AlMgZr;half_heusler;4-2-13;14.3032972893321;47.5036666666667
Al4Mo2Yb;unknown;16-6-13;unknown;0
Ge7La11Mg2;unknown;3-14-2;unknown;0
Ge6La4Mg5;unknown;3-14-2;unknown;0
Gd4Ge6Zn5;unknown;12-10-14;unknown;0
Ge6La4Mg7;unknown;3-14-2;unknown;0
GeLa6Mg23;unknown;3-14-2;unknown;0
Ge6La2Mg;unknown;3-14-2;unknown;0
AgAs4La2Zn;off-stoichiometric;3-12-15-11;unknown;0
AuBi2La;full_heusler;3-11-15;9180.57286692136;188.46
B2Ru5Ti3;unknown;4-13-8;unknown;0
Ga12Gd3Ru4;unknown;10-13-8;unknown;0
DyGe2Rh;full_heusler;12-9-14;18427.1644629508;102.6675
Ge2RhY;full_heusler;9-14-3;22303.7300937474;84.269
Al377Gd50Ru75;unknown;10-8-13;unknown;0
Al301Ru60Tb40;unknown;11-8-13;unknown;0
MgRhY;half_heusler;9-2-3;33653.3438188792;72.0403333333333
GdMgRh;half_heusler;10-9-2;25585.8733302867;94.8216666666667
MgRhTb;half_heusler;11-9-2;25688.7390148351;95.3816666666667
DyMgRh;half_heusler;12-9-2;25275.2733700361;96.5716666666667
Al20ErV2;unknown;14-5-13;unknown;0
Al33As100Ga67;unknown;15-13-13;unknown;0
Al7As10Ga3;unknown;15-13-13;unknown;0
AlAs2Ga;full_heusler;15-13-13;73.5041801832496;61.63725
AsBGa;half_heusler;15-13-13;268.065733492007;51.8183333333333
Al7As20Ga13;unknown;15-13-13;unknown;0
GdLuY;half_heusler;10-3-3;2420.5112189226;140.375333333333
AlAs10Ga9;unknown;15-13-13;unknown;0
LiMgMo;half_heusler;6-2-1;17.2993820511813;42.3983333333333
AlAs3Ga2;unknown;15-13-13;unknown;0
Al2As3Ga;unknown;15-13-13;unknown;0
GdGe2Mn2;unknown;7-10-14;unknown;0
GdGeTi;half_heusler;4-10-14;470.112768058701;92.5823333333333
As1000Ga963Mn37;unknown;15-7-13;unknown;0
Al2GeMn2;unknown;7-14-13;unknown;0
Al500As1000Ga499;unknown;15-13-13;unknown;0
Al499As1000Ga500;unknown;15-13-13;unknown;0
Al527As1000Ga473;unknown;15-13-13;unknown;0
Al473As1000Ga527;unknown;15-13-13;unknown;0
BiGaLi;half_heusler;13-15-1;71.9813165384763;95.2143333333333
As50Ga47Mn3;sums-up-to-100;15-7-13;unknown;0
Al29As100Ga71;unknown;15-13-13;unknown;0
AlVZn2;full_heusler;12-5-13;6.92932414559813;52.171
Al6As25Ga19;unknown;15-13-13;unknown;0
Al9As10Ga;unknown;15-13-13;unknown;0
GeMn2Ru;full_heusler;7-14-8;1433.35968361215;70.894
AgAlAu;half_heusler;11-11-13;20980.1771260495;110.607333333333
Al57As100Ga43;unknown;15-13-13;unknown;0
Al23As50Ga27;sums-up-to-100;15-13-13;unknown;0
Al49As50Ga;sums-up-to-100;15-13-13;unknown;0
AlBY;half_heusler;13-3-13;210.150305450757;42.2326666666667
Al15Mg44Zn41;sums-up-to-100;12-2-13;unknown;0
Al3As20Ga17;unknown;15-13-13;unknown;0
Al2As25Ga23;unknown;15-13-13;unknown;0
AlAs25Ga24;unknown;15-13-13;unknown;0
AlAs100Ga99;unknown;15-13-13;unknown;0
Al9Ti14V2;unknown;4-5-13;unknown;0
As2Mg3W15;unknown;6-15-2;unknown;0
Li2Ti3Zn;unknown;4-12-1;unknown;0
Mn39Ti19Zr;unknown;4-7-4;unknown;0
Mn3Ti2V;unknown;4-7-5;unknown;0
Ti3V2Zr11;unknown;4-4-5;unknown;0
Mn25Ti37V38;sums-up-to-100;4-7-5;unknown;0
TiV9Zr5;unknown;4-4-5;unknown;0
Mn12Ti9VZr;off-stoichiometric;4-7-4-5;unknown;0
BeRhZr;half_heusler;4-9-2;35831.8931458231;67.7154
MnMoW;half_heusler;6-6-7;17.4115811046581;111.576
TiV20Zr9;unknown;4-4-5;unknown;0
TiV10Zr9;unknown;4-4-5;unknown;0
AlB4Mg;unknown;13-2-13;unknown;0
Mn40Ti18V10Zr7;off-stoichiometric;4-7-4-5;unknown;0
Mg85Y9Zn6;sums-up-to-100;12-2-3;unknown;0
Mn67Ti45V15Zr5;off-stoichiometric;4-7-4-5;unknown;0
Mn13Ti9V7Zr;off-stoichiometric;4-7-4-5;unknown;0
AgMgTi;half_heusler;4-2-11;255.717159829373;60.014
MnTiV;half_heusler;4-7-5;8.64085848829571;51.249
Mn4Ti5V6;unknown;4-7-5;unknown;0
Mn6Ti5V4;unknown;4-7-5;unknown;0
Mn25Ti37V25;unknown;4-7-5;unknown;0
AlBLi;half_heusler;13-1-13;547.774396852365;14.9106666666667
Mn15Ti8Zr2;unknown;4-7-4;unknown;0
Mn133Ti85V30Zr15;off-stoichiometric;4-7-4-5;unknown;0
TiVW;half_heusler;6-4-5;19.5916477680798;94.2163333333333
Ti5V17Zr8;unknown;4-4-5;unknown;0
AlMoTi;half_heusler;4-6-13;9.51417344363843;56.933
BYV;half_heusler;13-5-3;183.440041949316;50.2193333333333
BLiMg;half_heusler;13-2-1;582.715738913328;14.0183333333333
Mn34Ti21V45;sums-up-to-100;4-7-5;unknown;0
Mn31Ti19V50;sums-up-to-100;4-7-5;unknown;0
Mn37Ti23V40;sums-up-to-100;4-7-5;unknown;0
BiLaMo;half_heusler;3-6-15;9.6733162851478;147.946666666667
Bi5LaMo5;unknown;3-6-15;unknown;0
AlGaMg;half_heusler;13-2-13;148.195902156847;40.3366666666667
As1000Ga933Mn67;unknown;15-7-13;unknown;0
As20Ga19Mn;unknown;15-7-13;unknown;0
Al17As100Ga83;unknown;15-13-13;unknown;0
Al11As20Ga9;unknown;15-13-13;unknown;0
Al9As20Ga11;unknown;15-13-13;unknown;0
Al24As25Ga;unknown;15-13-13;unknown;0
GaMgZn;half_heusler;12-13-2;113.267124611061;53.136
Ga14Mg21Zn15;unknown;12-13-2;unknown;0
Ga14Mg27Zn59;sums-up-to-100;12-13-2;unknown;0
Ga6Mg9Zn10;unknown;12-13-2;unknown;0
Ga14Mg19Zn67;sums-up-to-100;12-13-2;unknown;0
AlB14Y;unknown;13-3-13;unknown;0
Al8Mn4Y;unknown;7-3-13;unknown;0
AgGaGe;half_heusler;14-13-11;743.786540006314;83.4076666666667
Al17As50Ga33;sums-up-to-100;15-13-13;unknown;0
Al17As20Ga3;unknown;15-13-13;unknown;0
Al17As20Ga20;unknown;15-13-13;unknown;0
AsErGa;half_heusler;15-13-14;104.402003815264;103.968333333333
Al3BTi;unknown;4-13-13;unknown;0
As241Bi9Ga250;unknown;15-13-15;unknown;0
Al11As50Ga39;sums-up-to-100;15-13-13;unknown;0
Al13As20Ga7;unknown;15-13-13;unknown;0
Al8Mg5Zn7;unknown;12-2-13;unknown;0
AgB2Ti;full_heusler;4-13-11;526.7542554847;44.33925
AlLiMg;half_heusler;2-1-13;14.3654785580573;19.409
AlBMg;half_heusler;13-2-13;383.515833615151;20.699
ErMgZn;half_heusler;12-14-2;57.7128599505731;85.6483333333333
Mg10Y17Zn120;unknown;12-2-3;unknown;0
AlMnTi2;full_heusler;4-7-13;2.72168439776194;44.4135
B15Mo5W2Zr10;off-stoichiometric;6-6-4-13;unknown;0
Al3Mg4Zn3;unknown;12-2-13;unknown;0
Be34Ti41Zr25;sums-up-to-100;4-4-2;unknown;0
Al5Be29Ti41Zr25;off-stoichiometric;4-4-2-13;unknown;0
Al8Be26Ti41Zr25;off-stoichiometric;4-4-2-13;unknown;0
AsGaTi;half_heusler;4-15-13;94.1298053627826;64.1706666666667
Mg35Tb9Zn56;sums-up-to-100;11-12-2;unknown;0
GaMnRu;half_heusler;7-13-8;1336.73946520416;75.2436666666667
AlTiZr;half_heusler;4-4-13;12.9697259036689;55.3576666666667
LiMnRh;half_heusler;7-9-1;44124.1171615652;54.9293333333333
As25Ga24Mn;unknown;15-7-13;unknown;0
AlRu13Zr6;unknown;4-8-13;unknown;0
Al8Ru67Zr25;sums-up-to-100;4-8-13;unknown;0
Al2Mg387Y8Zn3;off-stoichiometric;12-2-3-13;unknown;0
Al13As50Ga37;sums-up-to-100;15-13-13;unknown;0
LaTbZn;half_heusler;11-3-12;224.204254721656;121.073333333333
AgBiMoV;off-stoichiometric;6-11-15-5;unknown;0
TiV3W9;unknown;6-4-5;unknown;0
AlLaZn;half_heusler;3-12-13;4.80843647307067;77.0906666666667
AlBGa;half_heusler;13-13-13;386.920631725806;35.8383333333333
Gd2Mg3Zn3;unknown;12-10-2;unknown;0
Al92Be5Mn3;sums-up-to-100;7-2-13;unknown;0
Al89Be5Mn6;sums-up-to-100;7-2-13;unknown;0
AlBe4Mn;unknown;7-2-13;unknown;0
Al10BeMn3;unknown;7-2-13;unknown;0
Mg96Y3Zn;sums-up-to-100;12-2-3;unknown;0
MgMnY4Zn;off-stoichiometric;12-7-2-3;unknown;0
Al4YZn;unknown;12-3-13;unknown;0
Mg3Y2Zn3;unknown;12-2-3;unknown;0
Al2Mg5Zn2;unknown;12-2-13;unknown;0
Al49Mg32Zn49;unknown;12-2-13;unknown;0
Mg197Y2Zn;unknown;12-2-3;unknown;0
Mg37Y2Zn;unknown;12-2-3;unknown;0
TiV17Zr9;unknown;4-4-5;unknown;0
Al100Ti519V35Zr346;off-stoichiometric;4-4-5-13;unknown;0
Mg6YZn;unknown;12-2-3;unknown;0
Mg22Y2Zn;unknown;12-2-3;unknown;0
AlTiVZr;off-stoichiometric;4-4-5-13;unknown;0
Gd5Mg193Zn2;unknown;12-10-2;unknown;0
Al23Mg75Y2;sums-up-to-100;2-3-13;unknown;0
Al23Dy2Mg75;sums-up-to-100;12-2-13;unknown;0
B943La4Ru907;unknown;3-13-8;unknown;0
BLaRh;half_heusler;3-13-9;28875.8044982781;84.21
MoWZn;half_heusler;6-6-12;17.0765098357331;115.056666666667
Bi5Mo2V3;unknown;6-15-5;unknown;0
Bi5Mo3V2;unknown;6-15-5;unknown;0
Bi5MoV4;unknown;6-15-5;unknown;0
Bi5Mo4V;unknown;6-15-5;unknown;0
Bi2MoV;full_heusler;6-15-5;11.4097123848371;141.213
AlLaMg;half_heusler;3-2-13;5.2189210134755;63.399
Al33As100Ga70;unknown;15-13-13;unknown;0
Mg9683Y200Zn100Zr17;off-stoichiometric;12-4-2-3;unknown;0
Ag37Al48Ti15;sums-up-to-100;4-11-13;unknown;0
Ag19Ti22Zr59;sums-up-to-100;4-4-11;unknown;0
AgAlTi;half_heusler;4-11-13;251.953889907454;60.9063333333333
AgTiZr;half_heusler;4-4-11;194.077643717024;82.3203333333333
Mg17YZn7;unknown;12-2-3;unknown;0
Al4Ti64V;unknown;4-5-13;unknown;0
AlZn2Zr;full_heusler;12-4-13;9.34986624679675;62.2415
AlLaRh;half_heusler;3-9-13;27050.4863755478;89.6006666666667
AlGdRh;half_heusler;10-9-13;25347.3277709983;95.714
AlMn2V;full_heusler;7-5-13;6.99536059637913;46.95
Al8LaMn4;unknown;3-7-13;unknown;0
Al9La2Rh3;unknown;3-9-13;unknown;0
Al21As50Ga29;sums-up-to-100;15-13-13;unknown;0
Al37As100Ga63;unknown;15-13-13;unknown;0
As2GeMn;full_heusler;15-7-14;442.654835479359;69.353
B4DyRh4;unknown;12-13-9;unknown;0
B4Rh4Tm;unknown;15-13-9;unknown;0
B4GdRh4;unknown;10-13-9;unknown;0
AlRhY;half_heusler;9-3-13;33241.5801488131;72.9326666666667
GaGeYb;half_heusler;16-14-13;1251.87735500296;105.134333333333
Ge3LaTi;unknown;3-4-14;unknown;0
Gd89TmY50;unknown;15-10-3;unknown;0
GdGeRu;half_heusler;10-14-8;1251.58142468651;110.316666666667
Gd3Ge30Mn30Tb2;off-stoichiometric;11-7-10-14;unknown;0
GaMn2V;full_heusler;7-13-5;82.8546063390026;57.63525
Al19As50Ga31;sums-up-to-100;15-13-13;unknown;0
Al2Ge2Y;unknown;14-3-13;unknown;0
Al2Ge2La;unknown;3-14-13;unknown;0
Al2Ge2Lu;unknown;14-3-13;unknown;0
Al2GdGe2;unknown;10-14-13;unknown;0
Al2Ge2Tb;unknown;11-14-13;unknown;0
BGe2Ti6;unknown;4-13-14;unknown;0
Al156As333Ga167Zn10;off-stoichiometric;12-15-13-13;unknown;0
Al167As333Ga156Zn10;off-stoichiometric;12-15-13-13;unknown;0
Al12La3Ru4;unknown;3-8-13;unknown;0
AlTi2V;full_heusler;4-5-13;8.28214110493038;43.4145
GaTi2V;full_heusler;4-13-5;88.8447503916377;54.09975
Al2ZnZr;full_heusler;12-4-13;10.4730971467649;52.642
Au3BLi;unknown;13-11-1;unknown;0
Al2Ge2Yb;unknown;16-14-13;unknown;0
AlGe2MgY;off-stoichiometric;14-2-3-13;unknown;0
AuGdMg;half_heusler;10-11-2;18291.5695314708;126.175
Ag87Al415Li698;unknown;11-1-13;unknown;0
Ag2AlLi;full_heusler;11-1-13;370.229575666301;62.4155
AgAlLi2;full_heusler;11-1-13;318.341018207245;37.183
Ge3Li8Zn2;unknown;12-14-1;unknown;0
GeLi2Zn;full_heusler;12-14-1;817.045230100731;37.9725
LaRhZn;half_heusler;3-12-9;23669.7504505208;102.4
GeVZr;half_heusler;4-14-5;584.05691558502;71.5986666666667
GdRhZn;half_heusler;12-10-9;22357.9433879093;108.513333333333
RhTbZn;half_heusler;11-12-9;22464.4693447833;109.073333333333
DyRhZn;half_heusler;12-12-9;22137.1421687475;110.263333333333
RhYZn;half_heusler;12-9-3;28279.2646583928;85.732
B60Yb4Zr;unknown;16-4-13;unknown;0
Ge20Mn3Y10;unknown;7-14-3;unknown;0
Ge6La2Mn;unknown;3-7-14;unknown;0
B3MnRh6;unknown;7-13-9;unknown;0
Al33Dy100Ga267;unknown;12-13-13;unknown;0
Al17Dy20Ga43;unknown;12-13-13;unknown;0
GeRhTb;half_heusler;11-9-14;22343.1334678745;111.49
DyGeRh;half_heusler;12-9-14;22024.1079458052;112.68
Ag25Mg11Y14;unknown;2-11-3;unknown;0
Ag2GdMg;full_heusler;10-2-11;250.818759108471;99.32375
Au2LuMg;full_heusler;11-2-3;25016.5706774104;148.30375
AlMgZn2;full_heusler;12-2-13;2.40607491471983;45.51175
Al3La2Mg15;unknown;3-2-13;unknown;0
Al2TiZn4;unknown;4-12-13;unknown;0
AlTiZn3;unknown;4-12-13;unknown;0
Al3MgZn;unknown;12-2-13;unknown;0
Mn15Ti10V2;unknown;4-7-5;unknown;0
Al3Li13Ti17;unknown;4-1-13;unknown;0
Ge5Li6Zn5;unknown;12-14-1;unknown;0
GeLi3Zn;unknown;12-14-1;unknown;0
As4Li9V;unknown;15-5-1;unknown;0
B20Li52Mg;unknown;13-2-1;unknown;0
Al17Ti45Zr38;sums-up-to-100;4-4-13;unknown;0
AlMgMn;half_heusler;7-2-13;1.90045224758767;35.4083333333333
Al31As100Ga69;unknown;15-13-13;unknown;0
Al41Mg30Zn429;unknown;12-2-13;unknown;0
Al51Mg700Zn249;unknown;12-2-13;unknown;0
DyGe2Mn2;unknown;12-7-14;unknown;0
Ge6Mn6Tb;unknown;11-7-14;unknown;0
DyGe6Mn6;unknown;12-7-14;unknown;0
GdGe6Mn6;unknown;7-10-14;unknown;0
LiMnTiZn;off-stoichiometric;4-12-7-1;unknown;0
AuErGe;half_heusler;11-14-14;16144.4772659433;145.62
GeTbTi;half_heusler;11-4-14;726.455136726229;93.1423333333333
AsMnRh;half_heusler;15-7-9;31234.7230228122;77.59
DyGeTi;half_heusler;12-4-14;618.072907097955;94.3323333333333
ErGeTi;half_heusler;4-14-14;476.891150832126;95.919
Al43V4Yb6;unknown;16-5-13;unknown;0
AlAsMn;half_heusler;15-7-13;1.72910534168144;52.2806666666667
ErGe2Ru2;unknown;14-14-8;unknown;0
Ge2Mn2Tb;unknown;11-7-14;unknown;0
AgBi2La;full_heusler;3-11-15;76.2592231549177;166.185
GaRhTb;half_heusler;11-9-13;22223.495427415;110.521
ErGaRh;half_heusler;9-13-14;21485.3686360119;113.297666666667
Ge2Ru2Tb;unknown;11-14-8;unknown;0
GeMnTm;half_heusler;15-7-14;3660.93198881611;98.8326666666667
DyGeMn;half_heusler;12-7-14;602.791458623495;96.6893333333333
GeMnY;half_heusler;7-14-3;579.372155085599;72.158
ErGeMn;half_heusler;7-14-14;465.242450581356;98.276
As2Mn2Zn;unknown;12-15-7;unknown;0
Ge6Rh7Yb4;unknown;16-9-14;unknown;0
Ge6Lu4Rh7;unknown;9-14-3;unknown;0
B2LaRh3;unknown;3-13-9;unknown;0
Ge2Mn2Yb;unknown;16-7-14;unknown;0
GeRhYb;half_heusler;16-9-14;21937.7879457242;116.196666666667
AgGeYb;half_heusler;16-14-11;1195.96635836515;117.85
GdGeMn;half_heusler;7-10-14;458.222954026782;94.9393333333333
AgGeTb;half_heusler;11-14-11;732.546495595557;113.143333333333
AgDyGe;half_heusler;12-14-11;643.060804664723;114.333333333333
AgGeTm;half_heusler;15-14-11;3237.21018802049;116.476666666667
Ge2LaMn2;unknown;3-7-14;unknown;0
Ga3Gd60Tb37;sums-up-to-100;11-10-13;unknown;0
Bi71Tb91Yb138;unknown;11-16-15;unknown;0
Ag37Al95Yb16;unknown;16-11-13;unknown;0
Ge10Rh4Tm5;unknown;15-9-14;unknown;0
GeMnTb;half_heusler;11-7-14;708.308308679293;95.4993333333333
Au2Ge2La;unknown;3-11-14;unknown;0
LiMgTi;half_heusler;4-2-1;12.0723643695015;26.3706666666667
GeMn2Zn;full_heusler;12-7-14;495.517429947637;61.9715
MgMn2Zn;full_heusler;12-7-2;2.14575012151673;49.89025
AlTi2Y;full_heusler;4-3-13;15.3135325249738;52.9055
Ge4Tb2Ti3;unknown;11-4-14;unknown;0
Er5Ge10Rh4;unknown;9-14-14;unknown;0
GaRhTm;half_heusler;15-9-13;24156.6531310476;113.854333333333
Ag250Al9Dy241;unknown;12-11-13;unknown;0
As4Ga3Mn;unknown;15-7-13;unknown;0
As2GaMn;full_heusler;15-7-13;66.2236630298173;68.62625
As4GaMn3;unknown;15-7-13;unknown;0
GeMnRh2;full_heusler;7-9-14;43982.1575846161;83.347
Al3MnY4;unknown;7-3-13;unknown;0
DyTiY;half_heusler;12-4-3;184.846590136765;99.7576666666667
GeMn2Zr;full_heusler;7-4-14;455.201037957111;68.4325
GeRu2V;full_heusler;14-5-8;2121.88029535295;81.428
GaMn2Ru;full_heusler;7-13-8;1075.45674456388;70.16725
AlMnZr2;full_heusler;7-4-13;15.2514302033529;66.092
Al12Dy3Ru4;unknown;12-8-13;unknown;0
GaMnZr2;full_heusler;7-4-13;71.0485370992058;76.77725
MnYZn2;full_heusler;12-7-3;12.0347988375989;68.651
LiTiZn;half_heusler;4-12-1;8.9402555184837;40.0623333333333
Al8As25Ga17;unknown;15-13-13;unknown;0
Al3As10Ga10;unknown;15-13-13;unknown;0
Be120Ti3V7;unknown;4-2-5;unknown;0
Be120TiV9;unknown;4-2-5;unknown;0
Al3Ti45V2;unknown;4-5-13;unknown;0
Al3BTi3;unknown;4-13-13;unknown;0
B4MoTi;unknown;4-6-13;unknown;0
VW4Y2;unknown;6-5-3;unknown;0
As4Ga3Ti;unknown;4-15-13;unknown;0
AlV2Y;full_heusler;5-3-13;23.077498117297;54.443
As8Ga7Mn;unknown;15-7-13;unknown;0
Mg45Y50Zn53;unknown;12-2-3;unknown;0
Ga2MnV;full_heusler;7-13-5;150.137752949137;61.3315
B6Mn3Rh11;unknown;7-13-9;unknown;0
GeMnVZr;off-stoichiometric;7-4-14-5;unknown;0
Ru7VZr8;unknown;4-5-8;unknown;0
Ga3Ge20La;unknown;3-14-13;unknown;0
Al5ZnZr2;unknown;12-4-13;unknown;0
AlBMo;half_heusler;6-13-13;188.243430036937;44.5806666666667
AlBW;half_heusler;6-13-13;126.685292376552;73.8773333333333
Mg475Y4Zn21;unknown;12-2-3;unknown;0
Mg925Y10Zn64;unknown;12-2-3;unknown;0
AlTiW;half_heusler;6-4-13;17.4977413419202;86.2296666666667
Be10Ti9Zr6;unknown;4-4-2;unknown;0
Er2Mg97Zn;sums-up-to-100;12-14-2;unknown;0
Mg93YZn6;sums-up-to-100;12-2-3;unknown;0
Gd6Mg959Zn35;unknown;12-10-2;unknown;0
Gd4Mg21Zn25;unknown;12-10-2;unknown;0
Be10Ti6Zr9;unknown;4-4-2;unknown;0
Mg194YZn5;unknown;12-2-3;unknown;0
GdMg10Zn;unknown;12-10-2;unknown;0
Gd4Mg50YZn5;off-stoichiometric;12-10-2-3;unknown;0
GdMgZn5;unknown;12-10-2;unknown;0
AlBRu;half_heusler;13-8-13;2214.92696576457;46.2873333333333
Al18Mg3Mn2;unknown;7-2-13;unknown;0
Al41Mg41Mn9;unknown;7-2-13;unknown;0
Mg50Y13Zn105;unknown;12-2-3;unknown;0
Mg100Y43Zn330;unknown;12-2-3;unknown;0
GdMg194Y4Zn2;off-stoichiometric;12-10-2-3;unknown;0
Mg15Y3Zn2;unknown;12-2-3;unknown;0
Mg772Y131Zn97;unknown;12-2-3;unknown;0
Mg767Y133Zn100;unknown;12-2-3;unknown;0
Al6Ge3Mn;unknown;7-14-13;unknown;0
BLiW;half_heusler;6-13-1;142.707685897118;67.1966666666667
BLaW;half_heusler;3-6-13;86.7148542990766;111.186666666667
Mg97Yb2Zn;sums-up-to-100;16-12-2;unknown;0
Mg77Yb14Zn9;sums-up-to-100;16-12-2;unknown;0
Gd9Mg85Zn6;sums-up-to-100;12-10-2;unknown;0
B200Ti39Zr61;unknown;4-4-13;unknown;0
La97TmYb2;sums-up-to-100;3-16-15;unknown;0
AgAl8Mg11;unknown;2-11-13;unknown;0
AgAl30Mg19;unknown;2-11-13;unknown;0
Al27As100Ga73;unknown;15-13-13;unknown;0
BGaV;half_heusler;13-13-5;324.098559878304;43.825
AlBV;half_heusler;13-5-13;279.748496404986;29.578
As97Bi3Ga100;unknown;15-13-15;unknown;0
As17Bi3Ga20;unknown;15-13-15;unknown;0
Al2Mg7Mn2;unknown;7-2-13;unknown;0
Al3As5Ga2;unknown;15-13-13;unknown;0
Al2Mg2Zn9;unknown;12-2-13;unknown;0
Al2LiMg;full_heusler;2-1-13;10.3738694269385;21.30225
Mg7Y2Zn11;unknown;12-2-3;unknown;0
Mg279Y69Zn652;unknown;12-2-3;unknown;0
Mg346Y87Zn568;unknown;12-2-3;unknown;0
Al3B3Mn4;unknown;7-13-13;unknown;0
Al5Ge12La3;unknown;3-14-13;unknown;0
DyMg20Zn29;unknown;12-12-2;unknown;0
DyMg16Zn33;unknown;12-12-2;unknown;0
Al2Mg9Mn2;unknown;7-2-13;unknown;0
Mg185Y2Zn13;unknown;12-2-3;unknown;0
Mg25Y17Zn58;sums-up-to-100;12-2-3;unknown;0
Al10Ti9Zr;unknown;4-4-13;unknown;0
Al6MgZn;unknown;12-2-13;unknown;0
Al3B2Ti3;unknown;4-13-13;unknown;0
GdMg5Y;unknown;10-2-3;unknown;0
Gd2Mg2Y3;unknown;10-2-3;unknown;0
Al17B6Mg3;unknown;13-2-13;unknown;0
Gd6Mg944Zn35;unknown;12-10-2;unknown;0
AlLi2Mg;full_heusler;2-1-13;24.1667518836221;16.29175
AgAlZn;half_heusler;12-11-13;229.936535219146;66.744
Al3Mg70Zn22;unknown;12-2-13;unknown;0
Mg47Y2Zn;unknown;12-2-3;unknown;0
AlMgZn5;unknown;12-2-13;unknown;0
Al33Ti35VZr345;off-stoichiometric;4-4-5-13;unknown;0
Gd125Mg4817Zn50Zr8;off-stoichiometric;12-10-4-2;unknown;0
Mg191Y6Zn3;unknown;12-2-3;unknown;0
Al4GdY;unknown;10-3-13;unknown;0
Gd15Mg479Zn5Zr;off-stoichiometric;12-10-4-2;unknown;0
Gd3Mg96Zn;sums-up-to-100;12-10-2;unknown;0
Al31Mg33Zn;unknown;12-2-13;unknown;0
Mg88Y7Zn5;sums-up-to-100;12-2-3;unknown;0
LaMg97YZn;off-stoichiometric;3-12-2-3;unknown;0
GdMg3YZn;off-stoichiometric;12-10-2-3;unknown;0
GdMg12YZn;off-stoichiometric;12-10-2-3;unknown;0
GdMg1225Zn24;unknown;12-10-2;unknown;0
Gd47Mg9683Zn270;unknown;12-10-2;unknown;0
Mg48YZn;unknown;12-2-3;unknown;0
GdMg3Zn6;unknown;12-10-2;unknown;0
GdMg12Zn;unknown;12-10-2;unknown;0
Gd18Mg971Zn10Zr;off-stoichiometric;12-10-4-2;unknown;0
Mg9521Mn49Y286Zn144;off-stoichiometric;12-7-2-3;unknown;0
Dy450Mg9383Zn150Zr17;off-stoichiometric;12-12-4-2;unknown;0
Al2MgZn12;unknown;12-2-13;unknown;0
AgGd2Mg16Y;off-stoichiometric;10-2-11-3;unknown;0
MgY2Zn;full_heusler;12-2-3;22.2153241344763;66.87425
Mg23YZn;unknown;12-2-3;unknown;0
Gd248Mg9690Zn43Zr15;off-stoichiometric;12-10-4-2;unknown;0
Mg188Mn2Y5Zn5;off-stoichiometric;12-7-2-3;unknown;0
Gd3Li4Mg92Zn;off-stoichiometric;12-10-2-1;unknown;0
Mg235Y9Zn6;unknown;12-2-3;unknown;0
AlVZr;half_heusler;4-5-13;18.0102487762196;56.3826666666667
Al3LiMg;unknown;2-1-13;unknown;0
AlBTiZr;off-stoichiometric;4-4-13-13;unknown;0
Mg858Y71Zn71;unknown;12-2-3;unknown;0
MgYZn2;full_heusler;12-2-3;13.3275081054716;60.99275
BTiZr;half_heusler;4-4-13;172.270851895584;49.967
Dy217Er32Mg9660Zn91;off-stoichiometric;12-12-14-2;unknown;0
Dy221Er68Mg9623Zn88;off-stoichiometric;12-12-14-2;unknown;0
Al15TiZr40;unknown;4-4-13;unknown;0
Ag9Al14Mg27;unknown;2-11-13;unknown;0
Gd2Mg97Zn;sums-up-to-100;12-10-2;unknown;0
Gd3Mg14Zn3;unknown;12-10-2;unknown;0
GdMgZn;half_heusler;12-10-2;33.0964622269018;82.3116666666667
GdMg6Y;unknown;10-2-3;unknown;0
Mg9Zn84Zr7;sums-up-to-100;12-4-2;unknown;0
Mg6Zn25Zr2;unknown;12-4-2;unknown;0
Mg18Zn77Zr5;sums-up-to-100;12-4-2;unknown;0
Mg496Y3Zn;unknown;12-2-3;unknown;0
Mg10YZn;unknown;12-2-3;unknown;0
Al3Gd4Mg29;unknown;10-2-13;unknown;0
Mg833Y83Zn83;unknown;12-2-3;unknown;0
Be2TiZr;full_heusler;4-4-2;101.110946285342;39.27885
Gd11Mg24Zn64;unknown;12-10-2;unknown;0
Gd20Mg19Zn81;unknown;12-10-2;unknown;0
Al40Dy17Er3;unknown;12-14-13;unknown;0
AlAs2Ga2;unknown;15-13-13;unknown;0
Gd10Mg9Mn;unknown;7-10-2;unknown;0
GaRu2V;full_heusler;13-5-8;1816.89514772076;80.70125
AlRu2V;full_heusler;5-8-13;2030.66150265654;70.016
AlGa3Ru8V4;off-stoichiometric;13-5-8-13;unknown;0
AlAu2Ti;full_heusler;4-11-13;29505.4724552197;117.19725
AlAuTi;half_heusler;4-11-13;25443.5019509674;90.6063333333333
AlAuTi2;full_heusler;4-11-13;21634.3329244947;79.9215
Al2AuTi3;unknown;4-11-13;unknown;0
Gd3Mg67Zn30;sums-up-to-100;12-10-2;unknown;0
AlRh2Y;full_heusler;9-3-13;45207.0636210477;80.427
AgAlGe;half_heusler;14-11-13;811.274444626522;69.1606666666667
Ag12Al57Ge31;sums-up-to-100;14-11-13;unknown;0
AlB14Yb;unknown;16-13-13;unknown;0
AlB14Lu;unknown;13-3-13;unknown;0
Al71B1400Y62;unknown;13-3-13;unknown;0
AlMg44Zn41;unknown;12-2-13;unknown;0
AlYZr2;full_heusler;4-3-13;22.7567318727877;74.584
Al45B2Mn55;unknown;7-13-13;unknown;0
Mg12YZn2Zr2;off-stoichiometric;12-4-2-3;unknown;0
AlMg4Zn11;unknown;12-2-13;unknown;0
Al15Ti4V;unknown;4-5-13;unknown;0
B100Mg50Ti3;unknown;4-13-2;unknown;0
MgMnTiZr;off-stoichiometric;4-7-4-2;unknown;0
Al3Ti1020Zr680;unknown;4-4-13;unknown;0
Al10Mg45Mn4;unknown;7-2-13;unknown;0
B12LuYb;unknown;16-13-3;unknown;0
MoTiVZr;off-stoichiometric;4-6-4-5;unknown;0
GeMn2Rh;full_heusler;7-9-14;25902.3482062673;71.354
As481Bi19Ga500;unknown;15-13-15;unknown;0
Mg100Y172Zn281Zr17;off-stoichiometric;12-4-2-3;unknown;0
Mg100Y383Zn303Zr17;off-stoichiometric;12-4-2-3;unknown;0
Mg100Y258Zn127Zr15;off-stoichiometric;12-4-2-3;unknown;0
Mg86Y7Zn7;sums-up-to-100;12-2-3;unknown;0
Al87Mg73Zn840;unknown;12-2-13;unknown;0
Ti4V17Zr9;unknown;4-4-5;unknown;0
Gd2Mg3WZn3;off-stoichiometric;6-12-10-2;unknown;0
GeMnRu2;full_heusler;7-14-8;2093.26777882247;82.427
AlB2Mg;full_heusler;13-2-13;651.95828548699;18.22675
Gd2Mg33Zn15;unknown;12-10-2;unknown;0
B20Ru7W3;unknown;6-13-8;unknown;0
AlGe3Li3;unknown;14-1-13;unknown;0
AlMg3Zn;unknown;12-2-13;unknown;0
Al9Mg41Zn9;unknown;12-2-13;unknown;0
Ag5Gd2Y3;unknown;10-11-3;unknown;0
B4ErRh4;unknown;13-9-14;unknown;0
Al61Mn14Ti25;sums-up-to-100;4-7-13;unknown;0
Al59Mn14Ti27;sums-up-to-100;4-7-13;unknown;0
Al57Mn14Ti29;sums-up-to-100;4-7-13;unknown;0
Al8ErMn4;unknown;7-14-13;unknown;0
Al39As50Ga11;sums-up-to-100;15-13-13;unknown;0
Al49Mg64Zn49;unknown;12-2-13;unknown;0
Al17Mg32Zn32;unknown;12-2-13;unknown;0
Al7Mg32Zn42;unknown;12-2-13;unknown;0
Al30TiV4Zr5;off-stoichiometric;4-4-5-13;unknown;0
Al66Mn9Ti25;sums-up-to-100;4-7-13;unknown;0
Al2ErY;full_heusler;14-3-13;56.6357982781414;77.5325
Al400ErY199;unknown;14-3-13;unknown;0
Be4Ti5Zr;unknown;4-4-2;unknown;0
BMoRu;half_heusler;6-13-8;1486.47030986864;69.2766666666667
BeTiZr;half_heusler;4-4-2;60.7431836044056;49.3677333333333
Al23Ru11Ti16;unknown;4-8-13;unknown;0
Al23Rh11Ti16;unknown;4-9-13;unknown;0
Mn14Ti9Zr;unknown;4-7-4;unknown;0
DyGe2Ru2;unknown;12-14-8;unknown;0
AlLiMgZn;off-stoichiometric;12-2-1-13;unknown;0
Al67Mn8Ti25;sums-up-to-100;4-7-13;unknown;0
Mn2Ti5V8;unknown;4-7-5;unknown;0
Er3Ga2GeMn3;off-stoichiometric;7-14-13-14;unknown;0
Ga2Gd3GeMn3;off-stoichiometric;7-10-14-13;unknown;0
Ga2GeMn3Y3;off-stoichiometric;7-14-13-3;unknown;0
Ga2GeMn3Tb3;off-stoichiometric;11-7-14-13;unknown;0
Dy3Ga2GeMn3;off-stoichiometric;12-7-14-13;unknown;0
Al5Mg11Zn4;unknown;12-2-13;unknown;0
Mn2TiV;full_heusler;4-7-5;6.86364084625153;52.17125
Ag6Ga9Lu5;unknown;13-11-3;unknown;0
Gd2Mg3Y3;unknown;10-2-3;unknown;0
B400Mo169Zr7;unknown;6-4-13;unknown;0
GdMg193Y4Zn2;off-stoichiometric;12-10-2-3;unknown;0
Mg97YZn2;sums-up-to-100;12-2-3;unknown;0
DyMg12Zn;unknown;12-12-2;unknown;0
Dy2Mg3Zn3;unknown;12-12-2;unknown;0
AlMg710Zn289;unknown;12-2-13;unknown;0
Al14Mg175Zn61;unknown;12-2-13;unknown;0
AlBeZr;half_heusler;4-2-13;69.7828588991198;42.4060666666667
MgYZn3;unknown;12-2-3;unknown;0
Al8GdMn4;unknown;7-10-13;unknown;0
Al61Ga30Mn109;unknown;7-13-13;unknown;0
MgZnZr;half_heusler;12-4-2;11.9445515701264;60.303
Al10Ru2Tb;unknown;11-8-13;unknown;0
MoTiY;half_heusler;4-6-3;19.0721074840046;77.5743333333333
AlMnZn;half_heusler;12-7-13;2.18132477936185;49.1
Al136Mn35Zn29;unknown;12-7-13;unknown;0
AlLi3Mg3Zn;off-stoichiometric;12-2-1-13;unknown;0
AlErMgZr;off-stoichiometric;4-14-2-13;unknown;0
Al3ErZr;unknown;4-14-13;unknown;0
AlTmZn;half_heusler;12-15-13;3685.98532033128;87.0973333333333
AgAlTm;half_heusler;15-11-13;3320.70914116044;101.260666666667
Gd11Mg29Zn60;sums-up-to-100;12-10-2;unknown;0
Gd8Mg7Zn35;unknown;12-10-2;unknown;0
Al12Mg32Zn37;unknown;12-2-13;unknown;0
Al89B7Be2Mn2;off-stoichiometric;7-13-2-13;unknown;0
AlBBe;half_heusler;13-2-13;654.950949273783;15.6014
La2Mg17Zn21;unknown;3-12-2;unknown;0
GaVZn2;full_heusler;12-13-5;76.498733857015;62.85625
AuGeTm;half_heusler;15-11-14;18245.4309853374;146.176666666667
Al4As25Ga21;unknown;15-13-13;unknown;0
AgAuMn;half_heusler;7-11-11;19350.1011146318;119.926
Ga2LaZn2;unknown;3-12-13;unknown;0
GaGd6Mn3;unknown;7-10-13;unknown;0
B4MoY;unknown;6-13-3;unknown;0
Ag2Ge2Yb;unknown;16-14-11;unknown;0
Gd1000Tm7Yb200;unknown;16-15-10;unknown;0
As17Ge3Zr10;unknown;15-4-14;unknown;0
Mg950Y7Zn43;unknown;12-2-3;unknown;0
Al43Er6V4;unknown;14-5-13;unknown;0
Al51La4W7;unknown;3-6-13;unknown;0
Al51La4Mo7;unknown;3-6-13;unknown;0
GdTmY;half_heusler;15-10-3;2345.81298232174;138.362
Al12As25Ga13;unknown;15-13-13;unknown;0
Al9As50Ga41;sums-up-to-100;15-13-13;unknown;0
Al2As5Ga5;unknown;15-13-13;unknown;0
Al7As10Ga10;unknown;15-13-13;unknown;0
Al20Er3La7;unknown;3-14-13;unknown;0
B45Mo123Ru82;unknown;6-13-8;unknown;0
Ag10GdLa9;unknown;3-10-11;unknown;0
AsGaV2;full_heusler;15-13-5;81.4190951977252;61.63225
Al8Mn4Tb;unknown;11-7-13;unknown;0
Al37Au48Yb15;sums-up-to-100;16-11-13;unknown;0
As3Ga3V2;unknown;15-13-5;unknown;0
AlMnRh2;full_heusler;7-9-13;50534.2213843748;71.935
GaMnRh2;full_heusler;7-9-13;44052.4705390628;82.62025
AlRh2Ti;full_heusler;4-9-13;51807.5709351941;70.16725
GaRh2Ti;full_heusler;4-9-13;45015.8213471754;80.8525
As24LaRh8;unknown;3-15-9;unknown;0
Mg21Y4Zn25;unknown;12-2-3;unknown;0
Mn75Ti50V31;unknown;4-7-5;unknown;0
As2BeGe;full_heusler;15-14-2;559.790420768063;57.87155
MgY2Zn3;unknown;12-2-3;unknown;0
Mg50Y190Zn150Zr9;off-stoichiometric;12-4-2-3;unknown;0
GeRu2Ti;full_heusler;4-14-8;2139.33739307643;80.65925
AlMnRu2;full_heusler;7-8-13;1998.7342150954;71.015
GaMnRu2;full_heusler;7-13-8;1791.75735759682;81.70025
AlRu2Ti;full_heusler;4-8-13;2049.98287589038;69.24725
AlRu2Zr;full_heusler;4-8-13;1778.06791032196;80.0865
BiMnTi;half_heusler;4-7-15;7.24002472857899;103.928333333333
Al12Ru4Tb3;unknown;11-8-13;unknown;0
Mg953Y27Zn20;unknown;12-2-3;unknown;0
B20Mg4Ti;unknown;4-13-2;unknown;0
B20Mg9Ti;unknown;4-13-2;unknown;0
AgAlEr;half_heusler;14-11-13;200.187853246478;100.704
AlAs73Ga72;unknown;15-13-13;unknown;0
AlAs8Ga7;unknown;15-13-13;unknown;0
Mg43Y4Zn3;unknown;12-2-3;unknown;0
Mg89Y8Zn3;sums-up-to-100;12-2-3;unknown;0
Al10Mn2Y;unknown;7-3-13;unknown;0
AlTi2Zr;full_heusler;4-4-13;10.8442543703842;53.485
AgAlMg;half_heusler;2-11-13;288.527797834842;53.0523333333333
Al27Mg36Zn37;sums-up-to-100;12-2-13;unknown;0
Mo5WZr8;unknown;6-6-4;unknown;0
AgAlYb;half_heusler;16-11-13;975.723490980896;102.634
AsGaGe2;full_heusler;15-14-13;906.722473223987;72.47625
AlVZn;half_heusler;12-5-13;8.90450427064143;47.768
AsGaZn;half_heusler;12-15-13;86.2992815141055;70.0083333333333
Al7B10Ti470;unknown;4-13-13;unknown;0
Al32Mg49Zn49;unknown;12-2-13;unknown;0
Al3Ga3Mg14;unknown;13-2-13;unknown;0
AlLa6Mg22;unknown;3-2-13;unknown;0
Al71La50Mg29;unknown;3-2-13;unknown;0
Al199La600Mg2101;unknown;3-2-13;unknown;0
Ag9Ga75Gd25;unknown;10-13-11;unknown;0
Ag14Ga41Gd15;unknown;10-13-11;unknown;0
Ag7Ga33Gd20;unknown;10-13-11;unknown;0
Er93Mg53Zn354;unknown;12-14-2;unknown;0
Ge6Mn6Y;unknown;7-14-3;unknown;0
Ge6LuMn6;unknown;7-14-3;unknown;0
Ge6Tb4Zn5;unknown;11-12-14;unknown;0
Mn9Ti10V11;unknown;4-7-5;unknown;0
AgAlDy;half_heusler;12-11-13;330.124446178267;99.1173333333333
AsRuZr;half_heusler;15-4-8;1069.78912071133;89.072
As2Mn2Yb;unknown;16-15-7;unknown;0
As500Ga487Mn13;unknown;15-7-13;unknown;0
Al12TiZr3;unknown;4-4-13;unknown;0
Al12Ti3Zr;unknown;4-4-13;unknown;0
Al100Ti9Zr25;unknown;4-4-13;unknown;0
GaGeMn;half_heusler;7-14-13;711.604463558905;65.7636666666667
AlGeMn;half_heusler;7-14-13;793.306380718214;51.5166666666667
Mn11Ti4V9Zr6;off-stoichiometric;4-7-4-5;unknown;0
MnTiV3;unknown;4-7-5;unknown;0
AgGaTb;half_heusler;11-13-11;427.99220380182;112.174333333333
Ge6Mn6Tm;unknown;15-7-14;unknown;0
Al6B7Mo7;unknown;6-13-13;unknown;0
AlGe6La2;unknown;3-14-13;unknown;0
LiMnZn;half_heusler;12-7-1;7.95420971569567;42.4193333333333
Ge20La3Mn20Y7;off-stoichiometric;3-7-14-3;unknown;0
Ge2Mn2Y;unknown;7-14-3;unknown;0
Al11Mn3Zn2;unknown;12-7-13;unknown;0
AgGa2Yb;full_heusler;16-13-11;799.422438541652;105.0915
AgBiYb;half_heusler;16-11-15;617.201726474791;163.3
AuBiYb;half_heusler;16-11-15;12387.4915713299;193
ErGe6Mn6;unknown;7-14-14;unknown;0
AuGa3Gd;unknown;10-11-13;unknown;0
AlB14Mg6;unknown;13-2-13;unknown;0
Mg10Y7Zn43;unknown;12-2-3;unknown;0
Ag25Ga21Yb10;unknown;16-13-11;unknown;0
Al34Au51Yb15;sums-up-to-100;16-11-13;unknown;0
Mn2TiV2Zr;off-stoichiometric;4-7-4-5;unknown;0
Al3Mg10Zn7;unknown;12-2-13;unknown;0
GdGeRh;half_heusler;10-9-14;22238.3157020944;110.93
Al39GeMn10;unknown;7-14-13;unknown;0
AsGaGe;half_heusler;15-14-13;646.228045564377;72.425
AgDyGa;half_heusler;12-13-11;340.938565039563;113.364333333333
AlMgV;half_heusler;2-5-13;11.3139860509249;34.0763333333333
Dy9Mg188Zn3;unknown;12-12-2;unknown;0
DyMg8Zn;unknown;12-12-2;unknown;0
Mn100Ti47V46;unknown;4-7-5;unknown;0
Mn100Ti50V51;unknown;4-7-5;unknown;0
Al24Mn5Zn;unknown;12-7-13;unknown;0
Al9Mn2Zn;unknown;12-7-13;unknown;0
Al15Be2Mn3;unknown;7-2-13;unknown;0
Mg88Ti5Y7;sums-up-to-100;4-2-3;unknown;0
Ag2MgZn;full_heusler;12-2-11;300.783807481378;76.35625
Gd9Ge10Ti10;unknown;4-10-14;unknown;0
Gd10Ge10Ti9;unknown;4-10-14;unknown;0
Gd20Ge20Mo3Ti17;off-stoichiometric;4-6-10-14;unknown;0
Gd10Ge9Ti10;unknown;4-10-14;unknown;0
Gd10Ge10Ti7V3;off-stoichiometric;4-10-14-5;unknown;0
Gd10Ge10Mn3Ti7;off-stoichiometric;4-7-10-14;unknown;0
Ge20Mo3Tb20Ti17;off-stoichiometric;11-4-6-14;unknown;0
Dy20Ge20Mo3Ti17;off-stoichiometric;12-4-6-14;unknown;0
Er20Ge20Mo3Ti17;off-stoichiometric;4-6-14-14;unknown;0
Ge20Mo3Ti17Tm20;off-stoichiometric;4-6-15-14;unknown;0
Lu20Mo3Ti17;unknown;4-6-3;unknown;0
AgAlGd;half_heusler;10-11-13;184.260281750895;97.3673333333333
GeLuRu;half_heusler;14-8-3;4057.66432443285;116.223333333333
Ge6Lu4Ru7;unknown;14-8-3;unknown;0
GeLuRh;half_heusler;9-14-3;23968.6857151008;116.836666666667
Ge13Lu3Rh4;unknown;9-14-3;unknown;0
GaGe29Mn30Tm5;off-stoichiometric;15-7-14-13;unknown;0
GaGe5Mn6Tm;off-stoichiometric;15-7-14-13;unknown;0
Ga3Ge27Mn30Tb5;off-stoichiometric;11-7-14-13;unknown;0
As333Ga316Mn18;unknown;15-7-13;unknown;0
Al75Ga19Gd25;unknown;10-13-13;unknown;0
Al2Ga2Gd;unknown;10-13-13;unknown;0
GeMnYb;half_heusler;16-7-14;1254.4643461802;100.206
AlGdMg;half_heusler;10-2-13;38.6031026628368;69.5123333333333
GaGdMg;half_heusler;10-13-2;102.825676342537;83.7593333333333
Al2Mg141Zn;unknown;12-2-13;unknown;0
Al4Mg139Zn;unknown;12-2-13;unknown;0
Al8Mg135Zn;unknown;12-2-13;unknown;0
AlMg142Zn;unknown;12-2-13;unknown;0
AlMg141Zn2;unknown;12-2-13;unknown;0
Ga2La3Ru2;unknown;3-13-8;unknown;0
Ag2Al7Y3;unknown;11-3-13;unknown;0
Ag3Al7Y5;unknown;11-3-13;unknown;0
Ge4La3Rh4;unknown;3-9-14;unknown;0
Mg127Y5Zn68;unknown;12-2-3;unknown;0
Ag97Al233Y40;unknown;11-3-13;unknown;0
Ag3Al19Y6;unknown;11-3-13;unknown;0
Ag26Al34Y5;unknown;11-3-13;unknown;0
Ag83Al87Y18;unknown;11-3-13;unknown;0
Ag25Al27Y10;unknown;11-3-13;unknown;0
Ag12Al13Dy5;unknown;12-11-13;unknown;0
Ag23Al87Dy30;unknown;12-11-13;unknown;0
Ge6Mn6Zr;unknown;7-4-14;unknown;0
Al51Mn2Ti47;sums-up-to-100;4-7-13;unknown;0
Al120Mn29Zn10;unknown;12-7-13;unknown;0
Al43Dy6Ti4;unknown;12-4-13;unknown;0
Mo68V23W9;sums-up-to-100;6-6-5;unknown;0
Gd37Ge80La3Mn80;off-stoichiometric;3-7-10-14;unknown;0
Al3Mn97Y50;unknown;7-3-13;unknown;0
DyGaMn;half_heusler;12-7-13;244.571777574253;95.7203333333333
GaMnTb;half_heusler;11-7-13;346.660779855496;94.5303333333333
GaGdMn;half_heusler;7-10-13;91.8414276846239;93.9703333333333
Er2Mg5Zn13;unknown;12-14-2;unknown;0
Al51As100Ga49;unknown;15-13-13;unknown;0
BBeMg;half_heusler;13-2-2;694.753378868362;14.7090666666667
AlMnV2;full_heusler;7-5-13;12.3417915823377;45.951
AlBiMn;half_heusler;7-15-13;7.35208298384325;96.9666666666667
Al27AsGa73;unknown;15-13-13;unknown;0
ErGe2Mn2;unknown;7-14-14;unknown;0
AgB20Mg9;unknown;13-2-11;unknown;0
AlDy2Ga3;unknown;12-13-13;unknown;0
AlDyGa;half_heusler;12-13-13;270.732168438109;86.4016666666667
Al2Mg2Mn;unknown;7-2-13;unknown;0
Gd5Mg24Y5Zn5;off-stoichiometric;12-10-2-3;unknown;0
Al77Rh15Ru8;sums-up-to-100;9-8-13;unknown;0
AsBi3Ga4;unknown;15-13-15;unknown;0
Al30Dy7Zr3;unknown;12-4-13;unknown;0
Ti5YZr40;unknown;4-4-3;unknown;0
AlGdMn;half_heusler;7-10-13;33.881563908517;79.7233333333333
AlAsB;half_heusler;15-13-13;211.903610199265;37.5713333333333
AlDyGe;half_heusler;12-14-13;666.868240752045;87.3706666666667
Al3Dy2Ge4;unknown;12-14-13;unknown;0
AlDy2Ge3;unknown;12-14-13;unknown;0
AlDy2Ge2;unknown;12-14-13;unknown;0
Al33Dy100Ge200;unknown;12-14-13;unknown;0
AlDy2Ge6;unknown;12-14-13;unknown;0
Al2DyGe2;unknown;12-14-13;unknown;0
AlDy3Ge3;unknown;12-14-13;unknown;0
La10Mg7Zn3;unknown;3-12-2;unknown;0
B5GeZr7;unknown;4-13-14;unknown;0
Gd3Mg195Zn2;unknown;12-10-2;unknown;0
BiMnY;half_heusler;7-15-3;14.0359717592907;117.608
Al3GeMn;unknown;7-14-13;unknown;0
BErRh3;unknown;13-9-14;unknown;0
As25Ga22Mn3;unknown;15-7-13;unknown;0
B20Mg9Zr;unknown;4-13-2;unknown;0
GeTi2V;full_heusler;4-14-5;564.713011682307;54.8265
Dy7Mn20Y3;unknown;12-7-3;unknown;0
Dy3Mn20Y7;unknown;12-7-3;unknown;0
DyMn10Y4;unknown;12-7-3;unknown;0
Al75B1400Mg78;unknown;13-2-13;unknown;0
Mg38YZn;unknown;12-2-3;unknown;0
Mo6Ti6Zr;unknown;4-6-4;unknown;0
B25Er343Tb7;unknown;11-13-14;unknown;0
Li5Mg89Y4Zn2;off-stoichiometric;12-2-1-3;unknown;0
GdMgY;half_heusler;10-2-3;40.1672772784246;90.1536666666667
AlB10Ti9;unknown;4-13-13;unknown;0
Al71AsGa;unknown;15-13-13;unknown;0
Al69AsGa;unknown;15-13-13;unknown;0
Mg457Y526Zn1517;unknown;12-2-3;unknown;0
BiTiZn;half_heusler;4-12-15;7.21071260322692;107.409
Bi3Ti4Zn;unknown;4-12-15;unknown;0
Bi2TiZn;full_heusler;4-12-15;8.1152659697632;132.80175
Ag10Al23Gd4;unknown;10-11-13;unknown;0
Ag2Al7Gd3;unknown;10-11-13;unknown;0
Ag4Al6Gd5;unknown;10-11-13;unknown;0
Ag7Al3Gd2;unknown;10-11-13;unknown;0
AlMoTi2;full_heusler;4-6-13;8.19107588742649;54.6665
Bi2MnZr6;unknown;7-4-15;unknown;0
Bi2Er6Mn;unknown;7-14-15;unknown;0
Bi2MnTm6;unknown;15-7-15;unknown;0
B2Rh3Y;unknown;13-9-3;unknown;0
Mn30Ti17V10Zr3;off-stoichiometric;4-7-4-5;unknown;0
Al20GdV2;unknown;10-5-13;unknown;0
Al11B220Be7;unknown;13-2-13;unknown;0
Al28B440Mg9;unknown;13-2-13;unknown;0
Mn1400Ti6603V11997;unknown;4-7-5;unknown;0
AuGaTi;half_heusler;4-11-13;22042.9009152149;104.853333333333
AuGaZr;half_heusler;4-11-13;19377.6466272348;119.305666666667
Al5MoW4;unknown;6-6-13;unknown;0
Al5Mo2W3;unknown;6-6-13;unknown;0
Mg45Mn3Y5Zn47;off-stoichiometric;12-7-2-3;unknown;0
MnVZn2;full_heusler;12-7-5;6.34881499323868;59.16
BiGeV209;unknown;14-15-5;unknown;0
Al3B17Ti10;unknown;4-13-13;unknown;0
Ge2La3Rh2;unknown;3-9-14;unknown;0
Ga9Rh3Yb2;unknown;16-9-13;unknown;0
Al3Mn4Y;unknown;7-3-13;unknown;0
Ge10Rh4Yb5;unknown;16-9-14;unknown;0
Al2Er11Ge8;unknown;14-14-13;unknown;0
Ge4LiYb4;unknown;16-14-1;unknown;0
Al35Au51Yb14;sums-up-to-100;16-11-13;unknown;0
Al60B2Yb21;unknown;16-13-13;unknown;0
AlBTi5;unknown;4-13-13;unknown;0
Al23As100Ga77;unknown;15-13-13;unknown;0
LuMn20Y9;unknown;7-3-3;unknown;0
As469Bi31Ga500;unknown;15-13-15;unknown;0
As7BiGa8;unknown;15-13-15;unknown;0
As3BiGa4;unknown;15-13-15;unknown;0
AlB14Tm;unknown;15-13-13;unknown;0
AsEr5Ga2;unknown;15-13-14;unknown;0
Ag3Al2La;unknown;3-11-13;unknown;0
GeLaRu;half_heusler;3-14-8;1302.43216915646;104.203333333333
Au11Ga11Yb6;unknown;16-11-13;unknown;0
Au11V2Yb2;unknown;16-11-5;unknown;0
AlAuLu;half_heusler;11-3-13;19864.5054379553;132.974
MnVZr;half_heusler;7-4-5;15.7416493830668;65.7013333333333
B2ErRh311;unknown;13-9-14;unknown;0
Ge2LaRu2;unknown;3-14-8;unknown;0
BV25Zr25;unknown;4-13-5;unknown;0
GeLuTi;half_heusler;4-14-3;3828.33737266768;98.489
GeLaTi;half_heusler;3-4-14;476.143122159387;86.469
Gd2Ge4Ti3;unknown;4-10-14;unknown;0
ErGeRu;half_heusler;14-14-8;1234.35953894885;113.653333333333
Al21As25Ga4;unknown;15-13-13;unknown;0
Al37As50Ga13;sums-up-to-100;15-13-13;unknown;0
Al3Mg5Zn2;unknown;12-2-13;unknown;0
Al2Mg5Zn3;unknown;12-2-13;unknown;0
Al15Mg48Zn37;sums-up-to-100;12-2-13;unknown;0
Ge200Mn33Tb100;unknown;11-7-14;unknown;0
AsGaV;half_heusler;15-13-5;97.2129710052304;65.1956666666667
Bi4Mn5Rh2;unknown;7-9-15;unknown;0
Al2Au2Gd;unknown;10-11-13;unknown;0
Al2Au2Tb;unknown;11-11-13;unknown;0
Al2Au2La;unknown;3-11-13;unknown;0
Al5Au3La2;unknown;3-11-13;unknown;0
Al12BLi;unknown;13-1-13;unknown;0
AlGaGd;half_heusler;10-13-13;101.72969313461;84.6516666666667
B20Er9Gd;unknown;10-13-14;unknown;0
Al62B1400Er57;unknown;13-14-13;unknown;0
Au24Ga31Yb15;unknown;16-11-13;unknown;0
Au18Ga37Gd15;unknown;10-11-13;unknown;0
As100Ga97Mn3;unknown;15-7-13;unknown;0
AlGaMgZn;off-stoichiometric;12-13-2-13;unknown;0
Al53Mg100Y165Zn74;off-stoichiometric;12-2-3-13;unknown;0
Al45Mg100Y372Zn196;off-stoichiometric;12-2-3-13;unknown;0
Al3Mg4Y2Zn;off-stoichiometric;12-2-3-13;unknown;0
AsLaRh;half_heusler;3-15-9;22956.5300010734;105.580666666667
Ga17Ge283Mn300Y50;off-stoichiometric;7-14-13-3;unknown;0
Ga13Ge107Mn120Y20;off-stoichiometric;7-14-13-3;unknown;0
Ga23Ge127Mn150Y25;off-stoichiometric;7-14-13-3;unknown;0
Mg263Y107Zn630;unknown;12-2-3;unknown;0
Ag5Al17Tb6;unknown;11-11-13;unknown;0
Ag9Al21Tb10;unknown;11-11-13;unknown;0
Ag11Al9Tb10;unknown;11-11-13;unknown;0
Ag43Al42Tb9;unknown;11-11-13;unknown;0
Ag211Al449Tb80;unknown;11-11-13;unknown;0
Ag27Al25Tb10;unknown;11-11-13;unknown;0
Al17Mg46Zn37;sums-up-to-100;12-2-13;unknown;0
Al36Be3Mn;unknown;7-2-13;unknown;0
GaGe5LuMn6;off-stoichiometric;7-14-13-3;unknown;0
Ga7Ge53Lu10Mn60;off-stoichiometric;7-14-13-3;unknown;0
Ga2Ge28Lu5Mn30;off-stoichiometric;7-14-13-3;unknown;0
Ga2Ge28Mn30Tm5;off-stoichiometric;15-7-14-13;unknown;0
Ga3Ge27Mn30Tm5;off-stoichiometric;15-7-14-13;unknown;0
Ga4Ge26Mn30Tm5;off-stoichiometric;15-7-14-13;unknown;0
GdGe3Rh5;unknown;10-9-14;unknown;0
Ge3Rh5Tb;unknown;11-9-14;unknown;0
GdGeZn;half_heusler;12-10-14;442.241754724649;98.42
Gd5Ge2Zn8;unknown;12-10-14;unknown;0
Ga7Ge3Mo5;unknown;6-14-13;unknown;0
MgTbZn;half_heusler;11-12-2;324.161629024797;82.8716666666667
DyMgZn;half_heusler;12-12-2;208.232219997224;84.0616666666667
As3MoTi4;unknown;4-6-15;unknown;0
As30Mo13Ti37;unknown;4-6-15;unknown;0
Al146Ga135Zn219;unknown;12-13-13;unknown;0
Al27Ge3Tb10;unknown;11-14-13;unknown;0
Al29Gd10Ge;unknown;10-14-13;unknown;0
Dy10GaGe59Mn60;off-stoichiometric;12-7-14-13;unknown;0
Dy5GaGe29Mn30;off-stoichiometric;12-7-14-13;unknown;0
DyGaGe5Mn6;off-stoichiometric;12-7-14-13;unknown;0
Al20DyTi2;unknown;12-4-13;unknown;0
B4DyMn;unknown;12-7-13;unknown;0
Ag4Ge4La3;unknown;3-14-11;unknown;0
Ag7Ge3La5;unknown;3-14-11;unknown;0
Mn10TiZr4;unknown;4-7-4;unknown;0
Er5GaGe29Mn30;off-stoichiometric;7-14-13-14;unknown;0
Er5Ga2Ge28Mn30;off-stoichiometric;7-14-13-14;unknown;0
ErGaGe5Mn6;off-stoichiometric;7-14-13-14;unknown;0
Ga4Y5Zn;unknown;12-13-3;unknown;0
AlLi2Zr;full_heusler;4-1-13;26.2302954135942;33.0215
GaGe59Mn60Tb10;off-stoichiometric;11-7-14-13;unknown;0
GaGe29Mn30Tb5;off-stoichiometric;11-7-14-13;unknown;0
GaGe5Mn6Tb;off-stoichiometric;11-7-14-13;unknown;0
Al10As11Ga;unknown;15-13-13;unknown;0
Gd2Ge2Mg;unknown;10-14-2;unknown;0
Al2ErGe2;unknown;14-14-13;unknown;0
AgGdGe;half_heusler;10-14-11;521.774947446336;112.583333333333
AuGdGe;half_heusler;10-11-14;16507.4850240131;142.283333333333
Li250Mn376Zn125;unknown;12-7-1;unknown;0
Ge13Ru4Y3;unknown;14-8-3;unknown;0
AsMnRu;half_heusler;15-7-8;1229.93230857836;76.9766666666667
Gd7LuY2;unknown;10-3-3;unknown;0
Al63Gd30Zn47;unknown;12-10-13;unknown;0
AlMgZn6;unknown;12-2-13;unknown;0
Dy9Tb6Zn10;unknown;11-12-12;unknown;0
Dy27Tb18Zn55;sums-up-to-100;11-12-12;unknown;0
Ag51Ga169Y60;unknown;13-11-3;unknown;0
Ag11Ga89Y50;unknown;13-11-3;unknown;0
Ag37Ga63Y50;unknown;13-11-3;unknown;0
Ag11Ga19Y10;unknown;13-11-3;unknown;0
AlGe3Tb2;unknown;11-14-13;unknown;0
AlGe3Y2;unknown;14-3-13;unknown;0
Al9Yb4Zn7;unknown;16-12-13;unknown;0
Al39Y15Zn16;unknown;12-3-13;unknown;0
Al38Gd15Zn17;unknown;12-10-13;unknown;0
Al32Tb15Zn23;unknown;11-12-13;unknown;0
Al38Dy15Zn17;unknown;12-12-13;unknown;0
Al7Er3Zn4;unknown;12-14-13;unknown;0
Al7Tm3Zn4;unknown;12-15-13;unknown;0
Ge12LaMn7;unknown;3-7-14;unknown;0
Mg184Y3Zn12Zr;off-stoichiometric;12-4-2-3;unknown;0
MnTiZr;half_heusler;4-7-4;11.3914197877637;64.6763333333333
Ge20Mo3Ti17;unknown;4-6-14;unknown;0
Ag7VY8;unknown;11-5-3;unknown;0
AlAs6Ga5;unknown;15-13-13;unknown;0
Al61Ge18Mn21;sums-up-to-100;7-14-13;unknown;0
AlAu2Mn;full_heusler;7-11-13;29066.9076222839;118.965
Ge2Rh2Tb;unknown;11-9-14;unknown;0
AgTi6Zr40;unknown;4-4-11;unknown;0
AlMg6Mn;unknown;7-2-13;unknown;0
Gd3Ge4La2;unknown;3-10-14;unknown;0
Bi2MnY6;unknown;7-15-3;unknown;0
Bi2Dy6Mn;unknown;12-7-15;unknown;0
Bi2Lu6Mn;unknown;7-15-3;unknown;0
BRh3Y;unknown;13-9-3;unknown;0
Ag14Ga41Tb15;unknown;11-13-11;unknown;0
AgGa7Tb2;unknown;11-13-11;unknown;0
Ag9Ga121Tb40;unknown;11-13-11;unknown;0
Ag6Ga9Tb5;unknown;11-13-11;unknown;0
GaGeMn2Y2;off-stoichiometric;7-14-13-3;unknown;0
GaGeLu2Mn2;off-stoichiometric;7-14-13-3;unknown;0
GaGd2GeMn2;off-stoichiometric;7-10-14-13;unknown;0
GaGeMn2Tb2;off-stoichiometric;11-7-14-13;unknown;0
Dy2GaGeMn2;off-stoichiometric;12-7-14-13;unknown;0
GaGeMn2Tm2;off-stoichiometric;15-7-14-13;unknown;0
Al21Mg50Y53Zn38;off-stoichiometric;12-2-3-13;unknown;0
Ag3Ga8Y3;unknown;13-11-3;unknown;0
AlB20Mg9;unknown;13-2-13;unknown;0
AuGeLu;half_heusler;11-14-3;18100.1752929797;148.19
AgErGe;half_heusler;14-14-11;525.896723027375;115.92
Mn7Ti4V8Zr;off-stoichiometric;4-7-4-5;unknown;0
Al20ErLa9;unknown;3-14-13;unknown;0
AlAs50Ga49;sums-up-to-100;15-13-13;unknown;0
Ga41Mg79Zn80;unknown;12-13-2;unknown;0
Ag3Au2Mn5;unknown;7-11-11;unknown;0
AlMg9YZn;off-stoichiometric;12-2-3-13;unknown;0
MgMnYZn;off-stoichiometric;12-7-2-3;unknown;0
Er2Mg3Zn3;unknown;12-14-2;unknown;0
Mg89Y7Zn4;sums-up-to-100;12-2-3;unknown;0
B35Mo129Ru86;unknown;6-13-8;unknown;0
Al23As25Ga2;unknown;15-13-13;unknown;0
Al71Ti25V4;sums-up-to-100;4-5-13;unknown;0
Al66Ti25V9;sums-up-to-100;4-5-13;unknown;0
AlAuLa;half_heusler;3-11-13;19061.6701079749;120.954
Ag100La99Tb;unknown;11-3-11;unknown;0
B4LaRh6;unknown;3-13-9;unknown;0
B4Rh6Yb;unknown;16-13-9;unknown;0
B4Rh6Y;unknown;13-9-3;unknown;0
Al2000La997Tm3;unknown;3-15-13;unknown;0
Al27As50Ga23;sums-up-to-100;15-13-13;unknown;0
Al97As100Ga3;unknown;15-13-13;unknown;0
Bi80Ti59W20;unknown;6-4-15;unknown;0
LiMgZn;half_heusler;12-2-1;9.92453712807244;32.2083333333333
Mn14MoTi8Zr3;off-stoichiometric;4-6-7-4;unknown;0
Al3As4Ga4;unknown;15-13-13;unknown;0
Al43As100Ga57;unknown;15-13-13;unknown;0
AlAs11Ga10;unknown;15-13-13;unknown;0
As12LaRu4;unknown;3-15-8;unknown;0
Gd2Ge2Ru;unknown;10-14-8;unknown;0
Ge2RuTb2;unknown;11-14-8;unknown;0
Mg65Y3Zn32;sums-up-to-100;12-2-3;unknown;0
Mg2893Y2435Zn4662;unknown;12-2-3;unknown;0
Al8Er25Ge50;unknown;14-14-13;unknown;0
Mn11Ti10V9;unknown;4-7-5;unknown;0
Al3Mn7Y5;unknown;7-3-13;unknown;0
Al73B1400Er62;unknown;13-14-13;unknown;0
Al50Ti16Zr85;unknown;4-4-13;unknown;0
Au225BEr675;unknown;13-11-14;unknown;0
Al300Er83Gd17;unknown;10-14-13;unknown;0
Al6ErGd;unknown;10-14-13;unknown;0
AuTiW;half_heusler;6-4-11;16143.3728772246;142.892333333333
Mo5Ti15Zr;unknown;4-6-4;unknown;0
AlMo5Ti15Zr3;off-stoichiometric;4-6-4-13;unknown;0
AlMoTi8V;off-stoichiometric;4-6-5-13;unknown;0
ErGdMg5;unknown;10-14-2;unknown;0
Ga7Li57Mg10;unknown;13-2-1;unknown;0
Mg2Y4Zn5Zr;off-stoichiometric;12-4-2-3;unknown;0
Mg2YZn5Zr;off-stoichiometric;12-4-2-3;unknown;0
Mg2Y8Zn5Zr;off-stoichiometric;12-4-2-3;unknown;0
Mg2Y12Zn5Zr;off-stoichiometric;12-4-2-3;unknown;0
Mg2Y2Zn5Zr;off-stoichiometric;12-4-2-3;unknown;0
Al43Gd3Zr4;unknown;10-4-13;unknown;0
Al5Yb2Zn17;unknown;16-12-13;unknown;0
Al3B2Ru4;unknown;13-8-13;unknown;0
Ga2GdZn2;unknown;12-10-13;unknown;0
AuGdZn;half_heusler;12-10-11;16501.2769077693;139.866666666667
AuTbZn;half_heusler;11-12-11;16607.3740956134;140.426666666667
Al4As5Ga10;unknown;15-13-13;unknown;0
AlAs20Ga19;unknown;15-13-13;unknown;0
Al3Gd4Mg35;unknown;10-2-13;unknown;0
Ge4LiTm4;unknown;15-14-1;unknown;0
Al55Ti26Zn19;sums-up-to-100;4-12-13;unknown;0
AlTiZr2;full_heusler;4-4-13;15.9125670722939;64.32425
GaMg7Zn3;unknown;12-13-2;unknown;0
Ga3Mg35Zn12;unknown;12-13-2;unknown;0
GaMg7Zn2;unknown;12-13-2;unknown;0
Ga3Mg14Zn3;unknown;12-13-2;unknown;0
Ga2Mg7Zn;unknown;12-13-2;unknown;0
Dy5Ga12Zn43;unknown;12-12-13;unknown;0
AuDyZn;half_heusler;12-12-11;16401.7327480287;141.616666666667
Er2GeRh3;unknown;9-14-14;unknown;0
Al22As25Ga3;unknown;15-13-13;unknown;0
Ge2LaLi;full_heusler;3-14-1;846.901021606953;72.7775
Ge10La7Li8;unknown;3-14-1;unknown;0
Ge4La4Li;unknown;3-14-1;unknown;0
Ge6Y4Zn5;unknown;12-14-3;unknown;0
Al17Ti7Zn;unknown;4-12-13;unknown;0
Al116Mg273Zn111;unknown;12-2-13;unknown;0
Al171Mg534Zn295;unknown;12-2-13;unknown;0
Al8Mg25Zn17;unknown;12-2-13;unknown;0
AlMg5Zn4;unknown;12-2-13;unknown;0
Al3As10Ga3;unknown;15-13-13;unknown;0
Gd5Ge5Ti4Zr;off-stoichiometric;4-10-4-14;unknown;0
Mg10Y7Zn33;unknown;12-2-3;unknown;0
La427Mg289Zn3000;unknown;3-12-2;unknown;0
Al77Mg210Zn213;unknown;12-2-13;unknown;0
Al37Mg102Zn111;unknown;12-2-13;unknown;0
Al65Mg204Zn231;unknown;12-2-13;unknown;0
Al3GeTi;unknown;4-14-13;unknown;0
AlMnTb;half_heusler;11-7-13;334.325190533527;80.2833333333333
Er2Ge3La3;unknown;3-14-14;unknown;0
Al121Yb75Zn154;unknown;16-12-13;unknown;0
Al154Yb75Zn121;unknown;16-12-13;unknown;0
Al35Yb16Zn97;unknown;16-12-13;unknown;0
Al123Yb40Zn207;unknown;16-12-13;unknown;0
Al15Ti3Zr2;unknown;4-4-13;unknown;0
AlLa3Mo4;unknown;3-6-13;unknown;0
Al2ErLa;full_heusler;3-14-13;43.3117823921096;90.0335
Al2GdLa;full_heusler;3-10-13;25.5386364259519;87.531
Al2LaTm;full_heusler;3-15-13;2664.12355043062;90.451
Al2GdY;full_heusler;10-3-13;36.3458090763695;75.03
B7Mo3Y;unknown;6-13-3;unknown;0
Al23Mn26Ti;unknown;4-7-13;unknown;0
Al23Mn25Ti2;unknown;4-7-13;unknown;0
B2GdRu;full_heusler;10-13-8;1211.65597092234;69.985
Al2Ga2La;unknown;3-13-13;unknown;0
Al2Ga2Yb;unknown;16-13-13;unknown;0
Al3As25Ga22;unknown;15-13-13;unknown;0
B4GdRu;unknown;10-13-8;unknown;0
LaTmY;half_heusler;3-15-3;2436.46205753807;132.248666666667
As5GaZn4;unknown;12-15-13;unknown;0
B4RuYb;unknown;16-13-8;unknown;0
Ga133Li68Zn16;unknown;12-13-1;unknown;0
Al66Mn11Ti23;sums-up-to-100;4-7-13;unknown;0
AsMnTi;half_heusler;4-15-7;2.1932880766569;59.2423333333333
GeMnZr;half_heusler;7-4-14;569.02604894146;72.9306666666667
Al2As2Ga;unknown;15-13-13;unknown;0
Dy3Tb22Zn25;unknown;11-12-12;unknown;0
Al3Er2Mg95;sums-up-to-100;14-2-13;unknown;0
Al2Er3Mg95;sums-up-to-100;14-2-13;unknown;0
Al3Ti47V;unknown;4-5-13;unknown;0
Al667Er100Mg233;unknown;14-2-13;unknown;0
Al75Ti17Zr8;sums-up-to-100;4-4-13;unknown;0
GeRhZr;half_heusler;4-9-14;27719.9220452535;88.9213333333333
Al5As10Ga6;unknown;15-13-13;unknown;0
AlMg9Zn;unknown;12-2-13;unknown;0
B200Li7Mg93;unknown;13-2-1;unknown;0
AuRhRu;half_heusler;11-9-8;36089.0410275595;133.65
AuGeV;half_heusler;11-14-5;21960.6991432012;106.847333333333
GeVW4;unknown;6-14-5;unknown;0
GeV2W2;unknown;6-14-5;unknown;0
AsGeMn4;unknown;15-7-14;unknown;0
As3GeMn8;unknown;15-7-14;unknown;0
AsGe3Mn8;unknown;15-7-14;unknown;0
BLaMg;half_heusler;3-13-2;141.716849877891;58.0083333333333
BMgY;half_heusler;13-2-3;214.711133437079;41.3403333333333
GdTiZr;half_heusler;4-10-4;33.9425373809227;98.7803333333333
Gd2Ge5Mn3;unknown;7-10-14;unknown;0
As167Ga156Mn10;unknown;15-7-13;unknown;0
As75Lu13Yb87;unknown;16-15-3;unknown;0
As2YbZn2;unknown;16-12-15;unknown;0
AlGa7Gd4;unknown;10-13-13;unknown;0
Al7As20Ga15;unknown;15-13-13;unknown;0
Al3AuLa;unknown;3-11-13;unknown;0
Bi2MnYb;full_heusler;16-7-15;400.396289515565;161.487
Mg2Ti2Zn21;unknown;4-12-2;unknown;0
Mn11Ti9VZr;off-stoichiometric;4-7-4-5;unknown;0
Ge2Li4Zr;unknown;4-14-1;unknown;0
GeLiZr4;unknown;4-14-1;unknown;0
Ga17Ge333Y100;unknown;14-13-3;unknown;0
Ga5GeY2;unknown;14-13-3;unknown;0
Ga46Ge89Y50;unknown;14-13-3;unknown;0
Ga5Ge18Y10;unknown;14-13-3;unknown;0
Ga7Ge3Y5;unknown;14-13-3;unknown;0
AlB6Lu2;unknown;13-3-13;unknown;0
AlB4Yb;unknown;16-13-13;unknown;0
AlB4Lu;unknown;13-3-13;unknown;0
AlB4Lu2;unknown;13-3-13;unknown;0
AlMg2Zn;full_heusler;12-2-13;2.259917714156;35.243
B10WY;unknown;6-13-3;unknown;0
B14Ti3Zr;unknown;4-4-13;unknown;0
Al8Ti40V2Zr13;off-stoichiometric;4-4-5-13;unknown;0
La2Mg997Zr;unknown;3-4-2;unknown;0
La8Mg991Zr;unknown;3-4-2;unknown;0
BBiZn;half_heusler;12-13-15;90.733694988954;95.0566666666667
Mn6Ti7V7;unknown;4-7-5;unknown;0
AlErZr;half_heusler;4-14-13;58.1376107837711;95.1553333333333
Al11As25Ga14;unknown;15-13-13;unknown;0
BBeLi;half_heusler;13-2-1;1171.25583472211;8.92073333333333
Al167As333Ga156;unknown;15-13-13;unknown;0
Al167As323Ga167;unknown;15-13-13;unknown;0
Al80AsGa20;unknown;15-13-13;unknown;0
Al42AsGa58;unknown;15-13-13;unknown;0
BLiZn;half_heusler;12-13-1;296.229327559245;27.71
Ga5GeLa3;unknown;3-14-13;unknown;0
B2TiZn;full_heusler;4-12-13;354.203522655653;33.71675
BLiY;half_heusler;13-1-3;256.11827820282;35.552
BLaLi;half_heusler;3-13-1;161.816267075195;52.22
Al3Ti2Zn;unknown;4-12-13;unknown;0
AsBeLi;half_heusler;15-2-1;85.2620226642986;30.2914
BeBiLi;half_heusler;15-2-1;42.7490714979892;74.9774
Bi4La3Y;unknown;3-15-3;unknown;0
GaMn2Y;full_heusler;7-13-3;77.8525693003855;67.12625
Mg9550Y79Zn371;unknown;12-2-3;unknown;0
Mg71Y8Zn6;unknown;12-2-3;unknown;0
AlAsGaMn;off-stoichiometric;15-7-13-13;unknown;0
Gd100Mg4841Zn50Zr9;off-stoichiometric;12-10-4-2;unknown;0
Gd10Mg35Zn6;unknown;12-10-2;unknown;0
As3Ga4Ti;unknown;4-15-13;unknown;0
Al75Ti2Zr23;sums-up-to-100;4-4-13;unknown;0
Al2As25Ga23232300;unknown;15-13-13;unknown;0
AlLaMn;half_heusler;3-7-13;4.73622940723634;73.61
AsAuGe;half_heusler;15-11-14;20429.428963027;114.840666666667
Al11Ti85V4;sums-up-to-100;4-5-13;unknown;0
AlMnTi;half_heusler;4-7-13;2.44569664142017;43.2623333333333
Al36Mn9Ti5;unknown;4-7-13;unknown;0
Mo17Ti80V3;sums-up-to-100;4-6-5;unknown;0
ErMg3Zn6;unknown;12-14-2;unknown;0
Ag5Au5Ge94;unknown;11-14-11;unknown;0
Al20ErTi2;unknown;4-14-13;unknown;0
AlGeZn;half_heusler;12-14-13;743.50063227308;54.9973333333333
B8Ru19Ti10;unknown;4-13-8;unknown;0
Ga8Ge15Yb4;unknown;16-14-13;unknown;0
AlGeLi;half_heusler;14-1-13;1156.6191560928;35.5173333333333
AgAuZn2;full_heusler;12-11-11;15982.4995913682;108.9
Ge11Mg7Y2;unknown;14-2-3;unknown;0
Al2Au2Ti;unknown;4-11-13;unknown;0
Al13As100Ga87;unknown;15-13-13;unknown;0
Al39As100Ga61;unknown;15-13-13;unknown;0
GeMoW;half_heusler;6-6-14;363.709468531865;117.473333333333
Al7As100Ga93;unknown;15-13-13;unknown;0
Al43As100Be100Ga57;off-stoichiometric;15-13-2-13;unknown;0
Al3As50Ga47;sums-up-to-100;15-13-13;unknown;0
Al5Ti6V2;unknown;4-5-13;unknown;0
Al20LaTi2;unknown;3-4-13;unknown;0
Al8Ti7Zr;unknown;4-4-13;unknown;0
Gd2Mg197Zn;unknown;12-10-2;unknown;0
Mg85Y9Zn;unknown;12-2-3;unknown;0
AlYZn2;full_heusler;12-3-13;13.170426680938;61.662
Al43Gd6V4;unknown;10-5-13;unknown;0
Be32Ti35Zr33;sums-up-to-100;4-4-2;unknown;0
Al31Ti5V14;unknown;4-5-13;unknown;0
Al11Ti2V7;unknown;4-5-13;unknown;0
AlMgZnZr;off-stoichiometric;12-4-2-13;unknown;0
Al7TiV2;unknown;4-5-13;unknown;0
Al66Mn10Zr25;unknown;7-4-13;unknown;0
Al66Mn9Zr25;sums-up-to-100;7-4-13;unknown;0
Al66Mn2Zr25;unknown;7-4-13;unknown;0
AgAl6Mg4;unknown;2-11-13;unknown;0
Al9Mg2Zn3;unknown;12-2-13;unknown;0
LiZnZr;half_heusler;12-4-1;17.4187893166365;54.5146666666667
Al3MgZn4;unknown;12-2-13;unknown;0
BYYb;half_heusler;16-13-3;1030.68082194995;90.922
Ag6Al31Mg13;unknown;2-11-13;unknown;0
Ag11Al23Mg16;unknown;2-11-13;unknown;0
Ag36Al25Mg39;sums-up-to-100;2-11-13;unknown;0
Er52Lu99Yb49;unknown;16-14-3;unknown;0
Mg969Y20Zn10Zr;off-stoichiometric;12-4-2-3;unknown;0
AlMoW2;full_heusler;6-6-13;20.5553178886778;122.653
AlLi3Ti3;unknown;4-1-13;unknown;0
Ag5Al2Mg3;unknown;2-11-13;unknown;0
Al3Li18Mg2;unknown;2-1-13;unknown;0
Al3Li9Mg2;unknown;2-1-13;unknown;0
Al2Li3Mg18;unknown;2-1-13;unknown;0
Al6Mo3Ti10V2;off-stoichiometric;4-6-5-13;unknown;0
Al5V2Zr;unknown;4-5-13;unknown;0
Al66Ti25Zn9;sums-up-to-100;4-12-13;unknown;0
Mg97YZn;unknown;12-2-3;unknown;0
Ag2Bi11La;unknown;3-11-15;unknown;0
Rh12VZr3;unknown;4-9-5;unknown;0
Rh24V7Zr;unknown;4-9-5;unknown;0
Rh12V3Zr;unknown;4-9-5;unknown;0
Rh24VZr7;unknown;4-9-5;unknown;0
AuGeY;half_heusler;11-14-3;19640.1980582752;119.502
AlB4Ti;unknown;4-13-13;unknown;0
Al67Rh6Ti27;sums-up-to-100;4-9-13;unknown;0
Al496Rh233Ti271;unknown;4-9-13;unknown;0
B2TiZr;full_heusler;4-4-13;308.259627343492;40.17775
Al3BDy;unknown;12-13-13;unknown;0
AlB14Dy;unknown;12-13-13;unknown;0
B300Lu67V83;unknown;13-5-3;unknown;0
B4MnTm;unknown;15-7-13;unknown;0
B7Tm3W;unknown;6-15-13;unknown;0
B4TmW;unknown;6-15-13;unknown;0
B6Lu2W;unknown;6-13-3;unknown;0
B4GdMo;unknown;6-10-13;unknown;0
B6MoTm2;unknown;6-15-13;unknown;0
B7Mo2Tm;unknown;6-15-13;unknown;0
B7MoY3;unknown;6-13-3;unknown;0
B7Gd3Mo;unknown;6-10-13;unknown;0
B3MoTm;unknown;6-15-13;unknown;0
B3ErMo;unknown;6-13-14;unknown;0
B6Lu2Mo;unknown;6-13-3;unknown;0
B4LuMo;unknown;6-13-3;unknown;0
B6MoYb2;unknown;16-6-13;unknown;0
B6Er2Mo;unknown;6-13-14;unknown;0
Mg68Mn64Zn;unknown;12-7-2;unknown;0
ErGd9Ge60Mn60;off-stoichiometric;7-10-14-14;unknown;0
BGe5La;unknown;3-13-14;unknown;0
Mn9Ti19Zr12;unknown;4-7-4;unknown;0
Al6MoTi;unknown;4-6-13;unknown;0
B4LuRu4;unknown;13-8-3;unknown;0
B20Dy5Rh19Ru;off-stoichiometric;12-13-9-8;unknown;0
B4Rh4Y;unknown;13-9-3;unknown;0
B20Dy4Rh20Y;off-stoichiometric;12-13-9-3;unknown;0
Li300V197W3;unknown;6-5-1;unknown;0
DyLiMg;half_heusler;12-2-1;273.975949830963;64.5816666666667
LiTiV;half_heusler;4-5-1;18.5636672687212;35.2496666666667
LiMnRu;half_heusler;7-8-1;1746.85672005793;54.316
AlBiZn;half_heusler;12-15-13;7.31685632935336;100.447333333333
Al6Mg11Zn11;unknown;12-2-13;unknown;0
LaLiTi2;full_heusler;3-4-1;8.13461727597854;60.396
Mo13V5W2;unknown;6-6-5;unknown;0
AlTiTm;half_heusler;4-15-13;3950.7692902588;81.2596666666667
Al4La3Rh3;unknown;3-9-13;unknown;0
Li75V50Y24;unknown;5-1-3;unknown;0
BMnV;half_heusler;7-13-5;213.210622846859;38.8966666666667
B20Dy2Rh20Y3;off-stoichiometric;12-13-9-3;unknown;0
MnWZn;half_heusler;6-12-7;15.0800150579633;101.386
B2MoZr;full_heusler;6-4-13;243.235145550159;52.1985
As2GeMnZn;off-stoichiometric;12-15-7-14;unknown;0
AsBBiGa;off-stoichiometric;15-13-13-15;unknown;0
BRh3Zr;unknown;4-13-9;unknown;0
AsRhV;half_heusler;15-9-5;31784.4738473778;76.258
BMnZr2;full_heusler;7-4-13;111.611959016261;62.049
GaMn2Zr;full_heusler;7-4-13;73.7867297829209;67.70575
AsMn2Zr;full_heusler;15-7-4;8.21628464397766;69.0055
Mg3TiY4;unknown;4-2-3;unknown;0
Be3TiY4;unknown;4-2-3;unknown;0
AlRhTi2;full_heusler;4-9-13;32224.3999153466;56.4065
GaRhTi2;full_heusler;4-9-13;27158.5184109074;67.09175
B200V3Zr97;unknown;4-13-5;unknown;0
Al19As20Ga20;unknown;15-13-13;unknown;0
As39BiGa40;unknown;15-13-15;unknown;0
Al71As200Ga129;unknown;15-13-13;unknown;0
Al21As100Ga79;unknown;15-13-13;unknown;0
B600Tm37Yb13;unknown;16-15-13;unknown;0
Al3As100Ga97;unknown;15-13-13;unknown;0
ErGeRh;half_heusler;9-14-14;21608.3589218203;114.266666666667
GeRhTm;half_heusler;15-9-14;24256.5040496995;114.823333333333
